scaffold_id	locus	v_calls	j_calls	n_pad
IGK_1	IGK	IGKV6S7*01	IGKJ4*01	0
IGK_2	IGK	IGKV6S7*01	IGKJ5*01	0
IGK_3	IGK	IGKV6S7*01	IGKJ1*01	0
IGK_4	IGK	IGKV6S7*01	IGKJ2-1*01	2
IGK_5	IGK	IGKV6S7*01	IGKJ2-2*01	2
IGK_6	IGK	IGKV6S7*01	IGKJ2-3*01	2
IGK_8	IGK	IGKV6S11*01	IGKJ4*01	0
IGK_9	IGK	IGKV6S11*01	IGKJ5*01	0
IGK_10	IGK	IGKV6S11*01	IGKJ1*01	0
IGK_11	IGK	IGKV6S11*01	IGKJ2-1*01	2
IGK_12	IGK	IGKV6S11*01	IGKJ2-2*01	2
IGK_13	IGK	IGKV6S11*01	IGKJ2-3*01	2
IGK_15	IGK	IGKV14S16*01	IGKJ4*01	0
IGK_16	IGK	IGKV14S16*01	IGKJ5*01	0
IGK_17	IGK	IGKV14S16*01	IGKJ1*01	0
IGK_18	IGK	IGKV14S16*01	IGKJ2-1*01	2
IGK_19	IGK	IGKV14S16*01	IGKJ2-2*01	2
IGK_20	IGK	IGKV14S16*01	IGKJ2-3*01	2
IGK_22	IGK	IGKV6S5*01	IGKJ4*01	0
IGK_23	IGK	IGKV6S5*01	IGKJ5*01	0
IGK_24	IGK	IGKV6S5*01	IGKJ1*01	0
IGK_25	IGK	IGKV6S5*01	IGKJ2-1*01	2
IGK_26	IGK	IGKV6S5*01	IGKJ2-2*01	2
IGK_27	IGK	IGKV6S5*01	IGKJ2-3*01	2
IGK_29	IGK	IGKV3S17*01	IGKJ4*01	0
IGK_30	IGK	IGKV3S17*01	IGKJ5*01	0
IGK_31	IGK	IGKV3S17*01	IGKJ1*01	0
IGK_32	IGK	IGKV3S17*01	IGKJ2-1*01	2
IGK_33	IGK	IGKV3S17*01	IGKJ2-2*01	2
IGK_34	IGK	IGKV3S17*01	IGKJ2-3*01	2
IGK_36	IGK	IGKV5S10*01	IGKJ4*01	1
IGK_37	IGK	IGKV5S10*01	IGKJ5*01	1
IGK_38	IGK	IGKV5S10*01	IGKJ1*01	1
IGK_39	IGK	IGKV5S10*01	IGKJ2-1*01	0
IGK_40	IGK	IGKV5S10*01	IGKJ2-2*01	0
IGK_41	IGK	IGKV5S10*01	IGKJ2-3*01	0
IGK_43	IGK	IGKV6S4*01	IGKJ4*01	0
IGK_44	IGK	IGKV6S4*01	IGKJ5*01	0
IGK_45	IGK	IGKV6S4*01	IGKJ1*01	0
IGK_46	IGK	IGKV6S4*01	IGKJ2-1*01	2
IGK_47	IGK	IGKV6S4*01	IGKJ2-2*01	2
IGK_48	IGK	IGKV6S4*01	IGKJ2-3*01	2
IGK_50	IGK	IGKV7S1*01	IGKJ4*01	0
IGK_51	IGK	IGKV7S1*01	IGKJ5*01	0
IGK_52	IGK	IGKV7S1*01	IGKJ1*01	0
IGK_53	IGK	IGKV7S1*01	IGKJ2-1*01	2
IGK_54	IGK	IGKV7S1*01	IGKJ2-2*01	2
IGK_55	IGK	IGKV7S1*01	IGKJ2-3*01	2
IGK_57	IGK	IGKV18S1*01	IGKJ4*01	0
IGK_58	IGK	IGKV18S1*01	IGKJ5*01	0
IGK_59	IGK	IGKV18S1*01	IGKJ1*01	0
IGK_60	IGK	IGKV18S1*01	IGKJ2-1*01	2
IGK_61	IGK	IGKV18S1*01	IGKJ2-2*01	2
IGK_62	IGK	IGKV18S1*01	IGKJ2-3*01	2
IGK_64	IGK	IGKV9S1*01	IGKJ4*01	0
IGK_65	IGK	IGKV9S1*01	IGKJ5*01	0
IGK_66	IGK	IGKV9S1*01	IGKJ1*01	0
IGK_67	IGK	IGKV9S1*01	IGKJ2-1*01	2
IGK_68	IGK	IGKV9S1*01	IGKJ2-2*01	2
IGK_69	IGK	IGKV9S1*01	IGKJ2-3*01	2
IGK_71	IGK	IGKV9S2*01	IGKJ4*01	0
IGK_72	IGK	IGKV9S2*01	IGKJ5*01	0
IGK_73	IGK	IGKV9S2*01	IGKJ1*01	0
IGK_74	IGK	IGKV9S2*01	IGKJ2-1*01	2
IGK_75	IGK	IGKV9S2*01	IGKJ2-2*01	2
IGK_76	IGK	IGKV9S2*01	IGKJ2-3*01	2
IGK_78	IGK	IGKV17S1*01	IGKJ4*01	0
IGK_79	IGK	IGKV17S1*01	IGKJ5*01	0
IGK_80	IGK	IGKV17S1*01	IGKJ1*01	0
IGK_81	IGK	IGKV17S1*01	IGKJ2-1*01	2
IGK_82	IGK	IGKV17S1*01	IGKJ2-2*01	2
IGK_83	IGK	IGKV17S1*01	IGKJ2-3*01	2
IGK_85	IGK	IGKV6S8*01	IGKJ4*01	0
IGK_86	IGK	IGKV6S8*01	IGKJ5*01	0
IGK_87	IGK	IGKV6S8*01	IGKJ1*01	0
IGK_88	IGK	IGKV6S8*01	IGKJ2-1*01	2
IGK_89	IGK	IGKV6S8*01	IGKJ2-2*01	2
IGK_90	IGK	IGKV6S8*01	IGKJ2-3*01	2
IGK_92	IGK	IGKV4S20*01	IGKJ4*01	1
IGK_93	IGK	IGKV4S20*01	IGKJ5*01	1
IGK_94	IGK	IGKV4S20*01	IGKJ1*01	1
IGK_95	IGK	IGKV4S20*01	IGKJ2-1*01	0
IGK_96	IGK	IGKV4S20*01	IGKJ2-2*01	0
IGK_97	IGK	IGKV4S20*01	IGKJ2-3*01	0
IGK_99	IGK	IGKV4S14*01	IGKJ4*01	1
IGK_100	IGK	IGKV4S14*01	IGKJ5*01	1
IGK_101	IGK	IGKV4S14*01	IGKJ1*01	1
IGK_102	IGK	IGKV4S14*01	IGKJ2-1*01	0
IGK_103	IGK	IGKV4S14*01	IGKJ2-2*01	0
IGK_104	IGK	IGKV4S14*01	IGKJ2-3*01	0
IGK_106	IGK	IGKV4S11*01	IGKJ4*01	1
IGK_107	IGK	IGKV4S11*01	IGKJ5*01	1
IGK_108	IGK	IGKV4S11*01	IGKJ1*01	1
IGK_109	IGK	IGKV4S11*01	IGKJ2-1*01	0
IGK_110	IGK	IGKV4S11*01	IGKJ2-2*01	0
IGK_111	IGK	IGKV4S11*01	IGKJ2-3*01	0
IGK_113	IGK	IGKV4S12*01	IGKJ4*01	1
IGK_114	IGK	IGKV4S12*01	IGKJ5*01	1
IGK_115	IGK	IGKV4S12*01	IGKJ1*01	1
IGK_116	IGK	IGKV4S12*01	IGKJ2-1*01	0
IGK_117	IGK	IGKV4S12*01	IGKJ2-2*01	0
IGK_118	IGK	IGKV4S12*01	IGKJ2-3*01	0
IGK_120	IGK	IGKV4S6*01	IGKJ4*01	1
IGK_121	IGK	IGKV4S6*01	IGKJ5*01	1
IGK_122	IGK	IGKV4S6*01	IGKJ1*01	1
IGK_123	IGK	IGKV4S6*01	IGKJ2-1*01	0
IGK_124	IGK	IGKV4S6*01	IGKJ2-2*01	0
IGK_125	IGK	IGKV4S6*01	IGKJ2-3*01	0
IGK_127	IGK	IGKV4S3*01	IGKJ4*01	2
IGK_128	IGK	IGKV4S3*01	IGKJ5*01	2
IGK_129	IGK	IGKV4S3*01	IGKJ1*01	2
IGK_130	IGK	IGKV4S3*01	IGKJ2-1*01	1
IGK_131	IGK	IGKV4S3*01	IGKJ2-2*01	1
IGK_132	IGK	IGKV4S3*01	IGKJ2-3*01	1
IGK_134	IGK	IGKV4S4*01	IGKJ4*01	1
IGK_135	IGK	IGKV4S4*01	IGKJ5*01	1
IGK_136	IGK	IGKV4S4*01	IGKJ1*01	1
IGK_137	IGK	IGKV4S4*01	IGKJ2-1*01	0
IGK_138	IGK	IGKV4S4*01	IGKJ2-2*01	0
IGK_139	IGK	IGKV4S4*01	IGKJ2-3*01	0
IGK_141	IGK	IGKV4S7*01	IGKJ4*01	1
IGK_142	IGK	IGKV4S7*01	IGKJ5*01	1
IGK_143	IGK	IGKV4S7*01	IGKJ1*01	1
IGK_144	IGK	IGKV4S7*01	IGKJ2-1*01	0
IGK_145	IGK	IGKV4S7*01	IGKJ2-2*01	0
IGK_146	IGK	IGKV4S7*01	IGKJ2-3*01	0
IGK_148	IGK	IGKV4S8*01	IGKJ4*01	1
IGK_149	IGK	IGKV4S8*01	IGKJ5*01	1
IGK_150	IGK	IGKV4S8*01	IGKJ1*01	1
IGK_151	IGK	IGKV4S8*01	IGKJ2-1*01	0
IGK_152	IGK	IGKV4S8*01	IGKJ2-2*01	0
IGK_153	IGK	IGKV4S8*01	IGKJ2-3*01	0
IGK_155	IGK	IGKV4S2*01	IGKJ4*01	1
IGK_156	IGK	IGKV4S2*01	IGKJ5*01	1
IGK_157	IGK	IGKV4S2*01	IGKJ1*01	1
IGK_158	IGK	IGKV4S2*01	IGKJ2-1*01	0
IGK_159	IGK	IGKV4S2*01	IGKJ2-2*01	0
IGK_160	IGK	IGKV4S2*01	IGKJ2-3*01	0
IGK_162	IGK	IGKV4S16*01	IGKJ4*01	1
IGK_163	IGK	IGKV4S16*01	IGKJ5*01	1
IGK_164	IGK	IGKV4S16*01	IGKJ1*01	1
IGK_165	IGK	IGKV4S16*01	IGKJ2-1*01	0
IGK_166	IGK	IGKV4S16*01	IGKJ2-2*01	0
IGK_167	IGK	IGKV4S16*01	IGKJ2-3*01	0
IGK_169	IGK	IGKV4S5*01	IGKJ4*01	1
IGK_170	IGK	IGKV4S5*01	IGKJ5*01	1
IGK_171	IGK	IGKV4S5*01	IGKJ1*01	1
IGK_172	IGK	IGKV4S5*01	IGKJ2-1*01	0
IGK_173	IGK	IGKV4S5*01	IGKJ2-2*01	0
IGK_174	IGK	IGKV4S5*01	IGKJ2-3*01	0
IGK_176	IGK	IGKV4S13*01	IGKJ4*01	1
IGK_177	IGK	IGKV4S13*01	IGKJ5*01	1
IGK_178	IGK	IGKV4S13*01	IGKJ1*01	1
IGK_179	IGK	IGKV4S13*01	IGKJ2-1*01	0
IGK_180	IGK	IGKV4S13*01	IGKJ2-2*01	0
IGK_181	IGK	IGKV4S13*01	IGKJ2-3*01	0
IGK_183	IGK	IGKV4S9*01	IGKJ4*01	1
IGK_184	IGK	IGKV4S9*01	IGKJ5*01	1
IGK_185	IGK	IGKV4S9*01	IGKJ1*01	1
IGK_186	IGK	IGKV4S9*01	IGKJ2-1*01	0
IGK_187	IGK	IGKV4S9*01	IGKJ2-2*01	0
IGK_188	IGK	IGKV4S9*01	IGKJ2-3*01	0
IGK_190	IGK	IGKV4S19*01	IGKJ4*01	1
IGK_191	IGK	IGKV4S19*01	IGKJ5*01	1
IGK_192	IGK	IGKV4S19*01	IGKJ1*01	1
IGK_193	IGK	IGKV4S19*01	IGKJ2-1*01	0
IGK_194	IGK	IGKV4S19*01	IGKJ2-2*01	0
IGK_195	IGK	IGKV4S19*01	IGKJ2-3*01	0
IGK_197	IGK	IGKV4S15*01	IGKJ4*01	0
IGK_198	IGK	IGKV4S15*01	IGKJ5*01	0
IGK_199	IGK	IGKV4S15*01	IGKJ1*01	0
IGK_200	IGK	IGKV4S15*01	IGKJ2-1*01	2
IGK_201	IGK	IGKV4S15*01	IGKJ2-2*01	2
IGK_202	IGK	IGKV4S15*01	IGKJ2-3*01	2
IGK_204	IGK	IGKV4S18*01	IGKJ4*01	1
IGK_205	IGK	IGKV4S18*01	IGKJ5*01	1
IGK_206	IGK	IGKV4S18*01	IGKJ1*01	1
IGK_207	IGK	IGKV4S18*01	IGKJ2-1*01	0
IGK_208	IGK	IGKV4S18*01	IGKJ2-2*01	0
IGK_209	IGK	IGKV4S18*01	IGKJ2-3*01	0
IGK_211	IGK	IGKV3S9*01	IGKJ4*01	0
IGK_212	IGK	IGKV3S9*01	IGKJ5*01	0
IGK_213	IGK	IGKV3S9*01	IGKJ1*01	0
IGK_214	IGK	IGKV3S9*01	IGKJ2-1*01	2
IGK_215	IGK	IGKV3S9*01	IGKJ2-2*01	2
IGK_216	IGK	IGKV3S9*01	IGKJ2-3*01	2
IGK_218	IGK	IGKV3S11*01	IGKJ4*01	0
IGK_219	IGK	IGKV3S11*01	IGKJ5*01	0
IGK_220	IGK	IGKV3S11*01	IGKJ1*01	0
IGK_221	IGK	IGKV3S11*01	IGKJ2-1*01	2
IGK_222	IGK	IGKV3S11*01	IGKJ2-2*01	2
IGK_223	IGK	IGKV3S11*01	IGKJ2-3*01	2
IGK_225	IGK	IGKV6S9*01	IGKJ4*01	0
IGK_226	IGK	IGKV6S9*01	IGKJ5*01	0
IGK_227	IGK	IGKV6S9*01	IGKJ1*01	0
IGK_228	IGK	IGKV6S9*01	IGKJ2-1*01	2
IGK_229	IGK	IGKV6S9*01	IGKJ2-2*01	2
IGK_230	IGK	IGKV6S9*01	IGKJ2-3*01	2
IGK_232	IGK	IGKV3S8*01	IGKJ4*01	0
IGK_233	IGK	IGKV3S8*01	IGKJ5*01	0
IGK_234	IGK	IGKV3S8*01	IGKJ1*01	0
IGK_235	IGK	IGKV3S8*01	IGKJ2-1*01	2
IGK_236	IGK	IGKV3S8*01	IGKJ2-2*01	2
IGK_237	IGK	IGKV3S8*01	IGKJ2-3*01	2
IGK_239	IGK	IGKV3S10*01	IGKJ4*01	0
IGK_240	IGK	IGKV3S10*01	IGKJ5*01	0
IGK_241	IGK	IGKV3S10*01	IGKJ1*01	0
IGK_242	IGK	IGKV3S10*01	IGKJ2-1*01	2
IGK_243	IGK	IGKV3S10*01	IGKJ2-2*01	2
IGK_244	IGK	IGKV3S10*01	IGKJ2-3*01	2
IGK_246	IGK	IGKV3S6*01	IGKJ4*01	0
IGK_247	IGK	IGKV3S6*01	IGKJ5*01	0
IGK_248	IGK	IGKV3S6*01	IGKJ1*01	0
IGK_249	IGK	IGKV3S6*01	IGKJ2-1*01	2
IGK_250	IGK	IGKV3S6*01	IGKJ2-2*01	2
IGK_251	IGK	IGKV3S6*01	IGKJ2-3*01	2
IGK_253	IGK	IGKV5S5*01	IGKJ4*01	1
IGK_254	IGK	IGKV5S5*01	IGKJ5*01	1
IGK_255	IGK	IGKV5S5*01	IGKJ1*01	1
IGK_256	IGK	IGKV5S5*01	IGKJ2-1*01	0
IGK_257	IGK	IGKV5S5*01	IGKJ2-2*01	0
IGK_258	IGK	IGKV5S5*01	IGKJ2-3*01	0
IGK_260	IGK	IGKV21S2*01	IGKJ4*01	1
IGK_261	IGK	IGKV21S2*01	IGKJ5*01	1
IGK_262	IGK	IGKV21S2*01	IGKJ1*01	1
IGK_263	IGK	IGKV21S2*01	IGKJ2-1*01	0
IGK_264	IGK	IGKV21S2*01	IGKJ2-2*01	0
IGK_265	IGK	IGKV21S2*01	IGKJ2-3*01	0
IGK_267	IGK	IGKV21S3*01	IGKJ4*01	1
IGK_268	IGK	IGKV21S3*01	IGKJ5*01	1
IGK_269	IGK	IGKV21S3*01	IGKJ1*01	1
IGK_270	IGK	IGKV21S3*01	IGKJ2-1*01	0
IGK_271	IGK	IGKV21S3*01	IGKJ2-2*01	0
IGK_272	IGK	IGKV21S3*01	IGKJ2-3*01	0
IGK_274	IGK	IGKV12S11*01	IGKJ4*01	0
IGK_275	IGK	IGKV12S11*01	IGKJ5*01	0
IGK_276	IGK	IGKV12S11*01	IGKJ1*01	0
IGK_277	IGK	IGKV12S11*01	IGKJ2-1*01	2
IGK_278	IGK	IGKV12S11*01	IGKJ2-2*01	2
IGK_279	IGK	IGKV12S11*01	IGKJ2-3*01	2
IGK_281	IGK	IGKV12S38*01	IGKJ4*01	0
IGK_282	IGK	IGKV12S38*01	IGKJ5*01	0
IGK_283	IGK	IGKV12S38*01	IGKJ1*01	0
IGK_284	IGK	IGKV12S38*01	IGKJ2-1*01	2
IGK_285	IGK	IGKV12S38*01	IGKJ2-2*01	2
IGK_286	IGK	IGKV12S38*01	IGKJ2-3*01	2
IGK_288	IGK	IGKV12S26*01	IGKJ4*01	0
IGK_289	IGK	IGKV12S26*01	IGKJ5*01	0
IGK_290	IGK	IGKV12S26*01	IGKJ1*01	0
IGK_291	IGK	IGKV12S26*01	IGKJ2-1*01	2
IGK_292	IGK	IGKV12S26*01	IGKJ2-2*01	2
IGK_293	IGK	IGKV12S26*01	IGKJ2-3*01	2
IGK_295	IGK	IGKV12S36*01	IGKJ4*01	0
IGK_296	IGK	IGKV12S36*01	IGKJ5*01	0
IGK_297	IGK	IGKV12S36*01	IGKJ1*01	0
IGK_298	IGK	IGKV12S36*01	IGKJ2-1*01	2
IGK_299	IGK	IGKV12S36*01	IGKJ2-2*01	2
IGK_300	IGK	IGKV12S36*01	IGKJ2-3*01	2
IGK_302	IGK	IGKV12S34*01	IGKJ4*01	0
IGK_303	IGK	IGKV12S34*01	IGKJ5*01	0
IGK_304	IGK	IGKV12S34*01	IGKJ1*01	0
IGK_305	IGK	IGKV12S34*01	IGKJ2-1*01	2
IGK_306	IGK	IGKV12S34*01	IGKJ2-2*01	2
IGK_307	IGK	IGKV12S34*01	IGKJ2-3*01	2
IGK_309	IGK	IGKV12S39*01	IGKJ4*01	0
IGK_310	IGK	IGKV12S39*01	IGKJ5*01	0
IGK_311	IGK	IGKV12S39*01	IGKJ1*01	0
IGK_312	IGK	IGKV12S39*01	IGKJ2-1*01	2
IGK_313	IGK	IGKV12S39*01	IGKJ2-2*01	2
IGK_314	IGK	IGKV12S39*01	IGKJ2-3*01	2
IGK_316	IGK	IGKV12S30*01	IGKJ4*01	0
IGK_317	IGK	IGKV12S30*01	IGKJ5*01	0
IGK_318	IGK	IGKV12S30*01	IGKJ1*01	0
IGK_319	IGK	IGKV12S30*01	IGKJ2-1*01	2
IGK_320	IGK	IGKV12S30*01	IGKJ2-2*01	2
IGK_321	IGK	IGKV12S30*01	IGKJ2-3*01	2
IGK_323	IGK	IGKV12S8*01	IGKJ4*01	0
IGK_324	IGK	IGKV12S8*01	IGKJ5*01	0
IGK_325	IGK	IGKV12S8*01	IGKJ1*01	0
IGK_326	IGK	IGKV12S8*01	IGKJ2-1*01	2
IGK_327	IGK	IGKV12S8*01	IGKJ2-2*01	2
IGK_328	IGK	IGKV12S8*01	IGKJ2-3*01	2
IGK_330	IGK	IGKV15S4*01	IGKJ4*01	0
IGK_331	IGK	IGKV15S4*01	IGKJ5*01	0
IGK_332	IGK	IGKV15S4*01	IGKJ1*01	0
IGK_333	IGK	IGKV15S4*01	IGKJ2-1*01	2
IGK_334	IGK	IGKV15S4*01	IGKJ2-2*01	2
IGK_335	IGK	IGKV15S4*01	IGKJ2-3*01	2
IGK_337	IGK	IGKV19S1*01	IGKJ4*01	0
IGK_338	IGK	IGKV19S1*01	IGKJ5*01	0
IGK_339	IGK	IGKV19S1*01	IGKJ1*01	0
IGK_340	IGK	IGKV19S1*01	IGKJ2-1*01	2
IGK_341	IGK	IGKV19S1*01	IGKJ2-2*01	2
IGK_342	IGK	IGKV19S1*01	IGKJ2-3*01	2
IGK_344	IGK	IGKV19S2*01	IGKJ4*01	0
IGK_345	IGK	IGKV19S2*01	IGKJ5*01	0
IGK_346	IGK	IGKV19S2*01	IGKJ1*01	0
IGK_347	IGK	IGKV19S2*01	IGKJ2-1*01	2
IGK_348	IGK	IGKV19S2*01	IGKJ2-2*01	2
IGK_349	IGK	IGKV19S2*01	IGKJ2-3*01	2
IGK_351	IGK	IGKV12S22*01	IGKJ4*01	0
IGK_352	IGK	IGKV12S22*01	IGKJ5*01	0
IGK_353	IGK	IGKV12S22*01	IGKJ1*01	0
IGK_354	IGK	IGKV12S22*01	IGKJ2-1*01	2
IGK_355	IGK	IGKV12S22*01	IGKJ2-2*01	2
IGK_356	IGK	IGKV12S22*01	IGKJ2-3*01	2
IGK_358	IGK	IGKV12S24*01	IGKJ4*01	0
IGK_359	IGK	IGKV12S24*01	IGKJ5*01	0
IGK_360	IGK	IGKV12S24*01	IGKJ1*01	0
IGK_361	IGK	IGKV12S24*01	IGKJ2-1*01	2
IGK_362	IGK	IGKV12S24*01	IGKJ2-2*01	2
IGK_363	IGK	IGKV12S24*01	IGKJ2-3*01	2
IGK_365	IGK	IGKV12S14*01	IGKJ4*01	0
IGK_366	IGK	IGKV12S14*01	IGKJ5*01	0
IGK_367	IGK	IGKV12S14*01	IGKJ1*01	0
IGK_368	IGK	IGKV12S14*01	IGKJ2-1*01	2
IGK_369	IGK	IGKV12S14*01	IGKJ2-2*01	2
IGK_370	IGK	IGKV12S14*01	IGKJ2-3*01	2
IGK_372	IGK	IGKV12S16*01	IGKJ4*01	0
IGK_373	IGK	IGKV12S16*01	IGKJ5*01	0
IGK_374	IGK	IGKV12S16*01	IGKJ1*01	0
IGK_375	IGK	IGKV12S16*01	IGKJ2-1*01	2
IGK_376	IGK	IGKV12S16*01	IGKJ2-2*01	2
IGK_377	IGK	IGKV12S16*01	IGKJ2-3*01	2
IGK_379	IGK	IGKV12S17*01	IGKJ4*01	0
IGK_380	IGK	IGKV12S17*01	IGKJ5*01	0
IGK_381	IGK	IGKV12S17*01	IGKJ1*01	0
IGK_382	IGK	IGKV12S17*01	IGKJ2-1*01	2
IGK_383	IGK	IGKV12S17*01	IGKJ2-2*01	2
IGK_384	IGK	IGKV12S17*01	IGKJ2-3*01	2
IGK_386	IGK	IGKV12S25*01	IGKJ4*01	0
IGK_387	IGK	IGKV12S25*01	IGKJ5*01	0
IGK_388	IGK	IGKV12S25*01	IGKJ1*01	0
IGK_389	IGK	IGKV12S25*01	IGKJ2-1*01	2
IGK_390	IGK	IGKV12S25*01	IGKJ2-2*01	2
IGK_391	IGK	IGKV12S25*01	IGKJ2-3*01	2
IGK_393	IGK	IGKV12S20*01	IGKJ4*01	0
IGK_394	IGK	IGKV12S20*01	IGKJ5*01	0
IGK_395	IGK	IGKV12S20*01	IGKJ1*01	0
IGK_396	IGK	IGKV12S20*01	IGKJ2-1*01	2
IGK_397	IGK	IGKV12S20*01	IGKJ2-2*01	2
IGK_398	IGK	IGKV12S20*01	IGKJ2-3*01	2
IGK_400	IGK	IGKV10S5*01	IGKJ4*01	0
IGK_401	IGK	IGKV10S5*01	IGKJ5*01	0
IGK_402	IGK	IGKV10S5*01	IGKJ1*01	0
IGK_403	IGK	IGKV10S5*01	IGKJ2-1*01	2
IGK_404	IGK	IGKV10S5*01	IGKJ2-2*01	2
IGK_405	IGK	IGKV10S5*01	IGKJ2-3*01	2
IGK_407	IGK	IGKV14S8*01	IGKJ4*01	0
IGK_408	IGK	IGKV14S8*01	IGKJ5*01	0
IGK_409	IGK	IGKV14S8*01	IGKJ1*01	0
IGK_410	IGK	IGKV14S8*01	IGKJ2-1*01	2
IGK_411	IGK	IGKV14S8*01	IGKJ2-2*01	2
IGK_412	IGK	IGKV14S8*01	IGKJ2-3*01	2
IGK_414	IGK	IGKV14S1*01	IGKJ4*01	0
IGK_415	IGK	IGKV14S1*01	IGKJ5*01	0
IGK_416	IGK	IGKV14S1*01	IGKJ1*01	0
IGK_417	IGK	IGKV14S1*01	IGKJ2-1*01	2
IGK_418	IGK	IGKV14S1*01	IGKJ2-2*01	2
IGK_419	IGK	IGKV14S1*01	IGKJ2-3*01	2
IGK_421	IGK	IGKV14S15*01	IGKJ4*01	0
IGK_422	IGK	IGKV14S15*01	IGKJ5*01	0
IGK_423	IGK	IGKV14S15*01	IGKJ1*01	0
IGK_424	IGK	IGKV14S15*01	IGKJ2-1*01	2
IGK_425	IGK	IGKV14S15*01	IGKJ2-2*01	2
IGK_426	IGK	IGKV14S15*01	IGKJ2-3*01	2
IGK_428	IGK	IGKV14S19*01	IGKJ4*01	0
IGK_429	IGK	IGKV14S19*01	IGKJ5*01	0
IGK_430	IGK	IGKV14S19*01	IGKJ1*01	0
IGK_431	IGK	IGKV14S19*01	IGKJ2-1*01	2
IGK_432	IGK	IGKV14S19*01	IGKJ2-2*01	2
IGK_433	IGK	IGKV14S19*01	IGKJ2-3*01	2
IGK_435	IGK	IGKV10S9*01	IGKJ4*01	0
IGK_436	IGK	IGKV10S9*01	IGKJ5*01	0
IGK_437	IGK	IGKV10S9*01	IGKJ1*01	0
IGK_438	IGK	IGKV10S9*01	IGKJ2-1*01	2
IGK_439	IGK	IGKV10S9*01	IGKJ2-2*01	2
IGK_440	IGK	IGKV10S9*01	IGKJ2-3*01	2
IGK_442	IGK	IGKV14S22*01	IGKJ4*01	0
IGK_443	IGK	IGKV14S22*01	IGKJ5*01	0
IGK_444	IGK	IGKV14S22*01	IGKJ1*01	0
IGK_445	IGK	IGKV14S22*01	IGKJ2-1*01	2
IGK_446	IGK	IGKV14S22*01	IGKJ2-2*01	2
IGK_447	IGK	IGKV14S22*01	IGKJ2-3*01	2
IGK_449	IGK	IGKV14S18*01	IGKJ4*01	0
IGK_450	IGK	IGKV14S18*01	IGKJ5*01	0
IGK_451	IGK	IGKV14S18*01	IGKJ1*01	0
IGK_452	IGK	IGKV14S18*01	IGKJ2-1*01	2
IGK_453	IGK	IGKV14S18*01	IGKJ2-2*01	2
IGK_454	IGK	IGKV14S18*01	IGKJ2-3*01	2
IGK_456	IGK	IGKV14S13*01	IGKJ4*01	0
IGK_457	IGK	IGKV14S13*01	IGKJ5*01	0
IGK_458	IGK	IGKV14S13*01	IGKJ1*01	0
IGK_459	IGK	IGKV14S13*01	IGKJ2-1*01	2
IGK_460	IGK	IGKV14S13*01	IGKJ2-2*01	2
IGK_461	IGK	IGKV14S13*01	IGKJ2-3*01	2
IGK_463	IGK	IGKV15S2*01	IGKJ4*01	2
IGK_464	IGK	IGKV15S2*01	IGKJ5*01	2
IGK_465	IGK	IGKV15S2*01	IGKJ1*01	2
IGK_466	IGK	IGKV15S2*01	IGKJ2-1*01	1
IGK_467	IGK	IGKV15S2*01	IGKJ2-2*01	1
IGK_468	IGK	IGKV15S2*01	IGKJ2-3*01	1
IGK_470	IGK	IGKV22S9*01	IGKJ4*01	2
IGK_471	IGK	IGKV22S9*01	IGKJ5*01	2
IGK_472	IGK	IGKV22S9*01	IGKJ1*01	2
IGK_473	IGK	IGKV22S9*01	IGKJ2-1*01	1
IGK_474	IGK	IGKV22S9*01	IGKJ2-2*01	1
IGK_475	IGK	IGKV22S9*01	IGKJ2-3*01	1
IGK_477	IGK	IGKV22S1*01	IGKJ4*01	2
IGK_478	IGK	IGKV22S1*01	IGKJ5*01	2
IGK_479	IGK	IGKV22S1*01	IGKJ1*01	2
IGK_480	IGK	IGKV22S1*01	IGKJ2-1*01	1
IGK_481	IGK	IGKV22S1*01	IGKJ2-2*01	1
IGK_482	IGK	IGKV22S1*01	IGKJ2-3*01	1
IGK_484	IGK	IGKV22S6*01	IGKJ4*01	2
IGK_485	IGK	IGKV22S6*01	IGKJ5*01	2
IGK_486	IGK	IGKV22S6*01	IGKJ1*01	2
IGK_487	IGK	IGKV22S6*01	IGKJ2-1*01	1
IGK_488	IGK	IGKV22S6*01	IGKJ2-2*01	1
IGK_489	IGK	IGKV22S6*01	IGKJ2-3*01	1
IGK_491	IGK	IGKV22S7*01	IGKJ4*01	2
IGK_492	IGK	IGKV22S7*01	IGKJ5*01	2
IGK_493	IGK	IGKV22S7*01	IGKJ1*01	2
IGK_494	IGK	IGKV22S7*01	IGKJ2-1*01	1
IGK_495	IGK	IGKV22S7*01	IGKJ2-2*01	1
IGK_496	IGK	IGKV22S7*01	IGKJ2-3*01	1
IGK_498	IGK	IGKV22S4*01	IGKJ4*01	2
IGK_499	IGK	IGKV22S4*01	IGKJ5*01	2
IGK_500	IGK	IGKV22S4*01	IGKJ1*01	2
IGK_501	IGK	IGKV22S4*01	IGKJ2-1*01	1
IGK_502	IGK	IGKV22S4*01	IGKJ2-2*01	1
IGK_503	IGK	IGKV22S4*01	IGKJ2-3*01	1
IGK_505	IGK	IGKV22S2*01	IGKJ4*01	2
IGK_506	IGK	IGKV22S2*01	IGKJ5*01	2
IGK_507	IGK	IGKV22S2*01	IGKJ1*01	2
IGK_508	IGK	IGKV22S2*01	IGKJ2-1*01	1
IGK_509	IGK	IGKV22S2*01	IGKJ2-2*01	1
IGK_510	IGK	IGKV22S2*01	IGKJ2-3*01	1
IGK_512	IGK	IGKV14S2*01	IGKJ4*01	0
IGK_513	IGK	IGKV14S2*01	IGKJ5*01	0
IGK_514	IGK	IGKV14S2*01	IGKJ1*01	0
IGK_515	IGK	IGKV14S2*01	IGKJ2-1*01	2
IGK_516	IGK	IGKV14S2*01	IGKJ2-2*01	2
IGK_517	IGK	IGKV14S2*01	IGKJ2-3*01	2
IGK_519	IGK	IGKV12S29*01	IGKJ4*01	0
IGK_520	IGK	IGKV12S29*01	IGKJ5*01	0
IGK_521	IGK	IGKV12S29*01	IGKJ1*01	0
IGK_522	IGK	IGKV12S29*01	IGKJ2-1*01	2
IGK_523	IGK	IGKV12S29*01	IGKJ2-2*01	2
IGK_524	IGK	IGKV12S29*01	IGKJ2-3*01	2
IGK_526	IGK	IGKV12S1*01	IGKJ4*01	0
IGK_527	IGK	IGKV12S1*01	IGKJ5*01	0
IGK_528	IGK	IGKV12S1*01	IGKJ1*01	0
IGK_529	IGK	IGKV12S1*01	IGKJ2-1*01	2
IGK_530	IGK	IGKV12S1*01	IGKJ2-2*01	2
IGK_531	IGK	IGKV12S1*01	IGKJ2-3*01	2
IGK_533	IGK	IGKV12S9*01	IGKJ4*01	0
IGK_534	IGK	IGKV12S9*01	IGKJ5*01	0
IGK_535	IGK	IGKV12S9*01	IGKJ1*01	0
IGK_536	IGK	IGKV12S9*01	IGKJ2-1*01	2
IGK_537	IGK	IGKV12S9*01	IGKJ2-2*01	2
IGK_538	IGK	IGKV12S9*01	IGKJ2-3*01	2
IGK_540	IGK	IGKV10S12*01	IGKJ4*01	0
IGK_541	IGK	IGKV10S12*01	IGKJ5*01	0
IGK_542	IGK	IGKV10S12*01	IGKJ1*01	0
IGK_543	IGK	IGKV10S12*01	IGKJ2-1*01	2
IGK_544	IGK	IGKV10S12*01	IGKJ2-2*01	2
IGK_545	IGK	IGKV10S12*01	IGKJ2-3*01	2
IGK_547	IGK	IGKV14S4*01	IGKJ4*01	0
IGK_548	IGK	IGKV14S4*01	IGKJ5*01	0
IGK_549	IGK	IGKV14S4*01	IGKJ1*01	0
IGK_550	IGK	IGKV14S4*01	IGKJ2-1*01	2
IGK_551	IGK	IGKV14S4*01	IGKJ2-2*01	2
IGK_552	IGK	IGKV14S4*01	IGKJ2-3*01	2
IGK_554	IGK	IGKV12S5*01	IGKJ4*01	0
IGK_555	IGK	IGKV12S5*01	IGKJ5*01	0
IGK_556	IGK	IGKV12S5*01	IGKJ1*01	0
IGK_557	IGK	IGKV12S5*01	IGKJ2-1*01	2
IGK_558	IGK	IGKV12S5*01	IGKJ2-2*01	2
IGK_559	IGK	IGKV12S5*01	IGKJ2-3*01	2
IGK_561	IGK	IGKV12S7*01	IGKJ4*01	0
IGK_562	IGK	IGKV12S7*01	IGKJ5*01	0
IGK_563	IGK	IGKV12S7*01	IGKJ1*01	0
IGK_564	IGK	IGKV12S7*01	IGKJ2-1*01	2
IGK_565	IGK	IGKV12S7*01	IGKJ2-2*01	2
IGK_566	IGK	IGKV12S7*01	IGKJ2-3*01	2
IGK_568	IGK	IGKV5S6*01	IGKJ4*01	1
IGK_569	IGK	IGKV5S6*01	IGKJ5*01	1
IGK_570	IGK	IGKV5S6*01	IGKJ1*01	1
IGK_571	IGK	IGKV5S6*01	IGKJ2-1*01	0
IGK_572	IGK	IGKV5S6*01	IGKJ2-2*01	0
IGK_573	IGK	IGKV5S6*01	IGKJ2-3*01	0
IGK_575	IGK	IGKV5S2*01	IGKJ4*01	1
IGK_576	IGK	IGKV5S2*01	IGKJ5*01	1
IGK_577	IGK	IGKV5S2*01	IGKJ1*01	1
IGK_578	IGK	IGKV5S2*01	IGKJ2-1*01	0
IGK_579	IGK	IGKV5S2*01	IGKJ2-2*01	0
IGK_580	IGK	IGKV5S2*01	IGKJ2-3*01	0
IGK_582	IGK	IGKV20S1*01	IGKJ4*01	0
IGK_583	IGK	IGKV20S1*01	IGKJ5*01	0
IGK_584	IGK	IGKV20S1*01	IGKJ1*01	0
IGK_585	IGK	IGKV20S1*01	IGKJ2-1*01	2
IGK_586	IGK	IGKV20S1*01	IGKJ2-2*01	2
IGK_587	IGK	IGKV20S1*01	IGKJ2-3*01	2
IGK_589	IGK	IGKV12S31*01	IGKJ4*01	0
IGK_590	IGK	IGKV12S31*01	IGKJ5*01	0
IGK_591	IGK	IGKV12S31*01	IGKJ1*01	0
IGK_592	IGK	IGKV12S31*01	IGKJ2-1*01	2
IGK_593	IGK	IGKV12S31*01	IGKJ2-2*01	2
IGK_594	IGK	IGKV12S31*01	IGKJ2-3*01	2
IGK_596	IGK	IGKV14S9*01	IGKJ4*01	0
IGK_597	IGK	IGKV14S9*01	IGKJ5*01	0
IGK_598	IGK	IGKV14S9*01	IGKJ1*01	0
IGK_599	IGK	IGKV14S9*01	IGKJ2-1*01	2
IGK_600	IGK	IGKV14S9*01	IGKJ2-2*01	2
IGK_601	IGK	IGKV14S9*01	IGKJ2-3*01	2
IGK_603	IGK	IGKV14S14*01	IGKJ4*01	0
IGK_604	IGK	IGKV14S14*01	IGKJ5*01	0
IGK_605	IGK	IGKV14S14*01	IGKJ1*01	0
IGK_606	IGK	IGKV14S14*01	IGKJ2-1*01	2
IGK_607	IGK	IGKV14S14*01	IGKJ2-2*01	2
IGK_608	IGK	IGKV14S14*01	IGKJ2-3*01	2
IGK_610	IGK	IGKV8S7*01	IGKJ4*01	0
IGK_611	IGK	IGKV8S7*01	IGKJ5*01	0
IGK_612	IGK	IGKV8S7*01	IGKJ1*01	0
IGK_613	IGK	IGKV8S7*01	IGKJ2-1*01	2
IGK_614	IGK	IGKV8S7*01	IGKJ2-2*01	2
IGK_615	IGK	IGKV8S7*01	IGKJ2-3*01	2
IGK_617	IGK	IGKV3S19*01	IGKJ4*01	0
IGK_618	IGK	IGKV3S19*01	IGKJ5*01	0
IGK_619	IGK	IGKV3S19*01	IGKJ1*01	0
IGK_620	IGK	IGKV3S19*01	IGKJ2-1*01	2
IGK_621	IGK	IGKV3S19*01	IGKJ2-2*01	2
IGK_622	IGK	IGKV3S19*01	IGKJ2-3*01	2
IGK_624	IGK	IGKV3S18*01	IGKJ4*01	0
IGK_625	IGK	IGKV3S18*01	IGKJ5*01	0
IGK_626	IGK	IGKV3S18*01	IGKJ1*01	0
IGK_627	IGK	IGKV3S18*01	IGKJ2-1*01	2
IGK_628	IGK	IGKV3S18*01	IGKJ2-2*01	2
IGK_629	IGK	IGKV3S18*01	IGKJ2-3*01	2
IGK_631	IGK	IGKV8S6*01	IGKJ4*01	0
IGK_632	IGK	IGKV8S6*01	IGKJ5*01	0
IGK_633	IGK	IGKV8S6*01	IGKJ1*01	0
IGK_634	IGK	IGKV8S6*01	IGKJ2-1*01	2
IGK_635	IGK	IGKV8S6*01	IGKJ2-2*01	2
IGK_636	IGK	IGKV8S6*01	IGKJ2-3*01	2
IGK_638	IGK	IGKV8S4*01	IGKJ4*01	0
IGK_639	IGK	IGKV8S4*01	IGKJ5*01	0
IGK_640	IGK	IGKV8S4*01	IGKJ1*01	0
IGK_641	IGK	IGKV8S4*01	IGKJ2-1*01	2
IGK_642	IGK	IGKV8S4*01	IGKJ2-2*01	2
IGK_643	IGK	IGKV8S4*01	IGKJ2-3*01	2
IGK_645	IGK	IGKV8S5*01	IGKJ4*01	0
IGK_646	IGK	IGKV8S5*01	IGKJ5*01	0
IGK_647	IGK	IGKV8S5*01	IGKJ1*01	0
IGK_648	IGK	IGKV8S5*01	IGKJ2-1*01	2
IGK_649	IGK	IGKV8S5*01	IGKJ2-2*01	2
IGK_650	IGK	IGKV8S5*01	IGKJ2-3*01	2
IGK_652	IGK	IGKV8S9*01	IGKJ4*01	0
IGK_653	IGK	IGKV8S9*01	IGKJ5*01	0
IGK_654	IGK	IGKV8S9*01	IGKJ1*01	0
IGK_655	IGK	IGKV8S9*01	IGKJ2-1*01	2
IGK_656	IGK	IGKV8S9*01	IGKJ2-2*01	2
IGK_657	IGK	IGKV8S9*01	IGKJ2-3*01	2
IGK_666	IGK	IGKV6S10*01	IGKJ4*01	0
IGK_667	IGK	IGKV6S10*01	IGKJ5*01	0
IGK_668	IGK	IGKV6S10*01	IGKJ1*01	0
IGK_669	IGK	IGKV6S10*01	IGKJ2-1*01	2
IGK_670	IGK	IGKV6S10*01	IGKJ2-2*01	2
IGK_671	IGK	IGKV6S10*01	IGKJ2-3*01	2
IGK_673	IGK	IGKV3S1*01	IGKJ4*01	0
IGK_674	IGK	IGKV3S1*01	IGKJ5*01	0
IGK_675	IGK	IGKV3S1*01	IGKJ1*01	0
IGK_676	IGK	IGKV3S1*01	IGKJ2-1*01	2
IGK_677	IGK	IGKV3S1*01	IGKJ2-2*01	2
IGK_678	IGK	IGKV3S1*01	IGKJ2-3*01	2
IGK_680	IGK	IGKV3S13*01	IGKJ4*01	0
IGK_681	IGK	IGKV3S13*01	IGKJ5*01	0
IGK_682	IGK	IGKV3S13*01	IGKJ1*01	0
IGK_683	IGK	IGKV3S13*01	IGKJ2-1*01	2
IGK_684	IGK	IGKV3S13*01	IGKJ2-2*01	2
IGK_685	IGK	IGKV3S13*01	IGKJ2-3*01	2
IGK_687	IGK	IGKV3S5*01	IGKJ4*01	0
IGK_688	IGK	IGKV3S5*01	IGKJ5*01	0
IGK_689	IGK	IGKV3S5*01	IGKJ1*01	0
IGK_690	IGK	IGKV3S5*01	IGKJ2-1*01	2
IGK_691	IGK	IGKV3S5*01	IGKJ2-2*01	2
IGK_692	IGK	IGKV3S5*01	IGKJ2-3*01	2
IGK_694	IGK	IGKV8S10*01	IGKJ4*01	0
IGK_695	IGK	IGKV8S10*01	IGKJ5*01	0
IGK_696	IGK	IGKV8S10*01	IGKJ1*01	0
IGK_697	IGK	IGKV8S10*01	IGKJ2-1*01	2
IGK_698	IGK	IGKV8S10*01	IGKJ2-2*01	2
IGK_699	IGK	IGKV8S10*01	IGKJ2-3*01	2
IGK_701	IGK	IGKV8S11*01	IGKJ4*01	0
IGK_702	IGK	IGKV8S11*01	IGKJ5*01	0
IGK_703	IGK	IGKV8S11*01	IGKJ1*01	0
IGK_704	IGK	IGKV8S11*01	IGKJ2-1*01	2
IGK_705	IGK	IGKV8S11*01	IGKJ2-2*01	2
IGK_706	IGK	IGKV8S11*01	IGKJ2-3*01	2
IGK_708	IGK	IGKV5S12*01	IGKJ4*01	1
IGK_709	IGK	IGKV5S12*01	IGKJ5*01	1
IGK_710	IGK	IGKV5S12*01	IGKJ1*01	1
IGK_711	IGK	IGKV5S12*01	IGKJ2-1*01	0
IGK_712	IGK	IGKV5S12*01	IGKJ2-2*01	0
IGK_713	IGK	IGKV5S12*01	IGKJ2-3*01	0
IGK_715	IGK	IGKV4S10*01	IGKJ4*01	1
IGK_716	IGK	IGKV4S10*01	IGKJ5*01	1
IGK_717	IGK	IGKV4S10*01	IGKJ1*01	1
IGK_718	IGK	IGKV4S10*01	IGKJ2-1*01	0
IGK_719	IGK	IGKV4S10*01	IGKJ2-2*01	0
IGK_720	IGK	IGKV4S10*01	IGKJ2-3*01	0
IGK_722	IGK	IGKV2S3*01	IGKJ4*01	0
IGK_723	IGK	IGKV2S3*01	IGKJ5*01	0
IGK_724	IGK	IGKV2S3*01	IGKJ1*01	0
IGK_725	IGK	IGKV2S3*01	IGKJ2-1*01	2
IGK_726	IGK	IGKV2S3*01	IGKJ2-2*01	2
IGK_727	IGK	IGKV2S3*01	IGKJ2-3*01	2
IGK_729	IGK	IGKV12S12*01	IGKJ4*01	0
IGK_730	IGK	IGKV12S12*01	IGKJ5*01	0
IGK_731	IGK	IGKV12S12*01	IGKJ1*01	0
IGK_732	IGK	IGKV12S12*01	IGKJ2-1*01	2
IGK_733	IGK	IGKV12S12*01	IGKJ2-2*01	2
IGK_734	IGK	IGKV12S12*01	IGKJ2-3*01	2
IGK_736	IGK	IGKV12S32*01	IGKJ4*01	0
IGK_737	IGK	IGKV12S32*01	IGKJ5*01	0
IGK_738	IGK	IGKV12S32*01	IGKJ1*01	0
IGK_739	IGK	IGKV12S32*01	IGKJ2-1*01	2
IGK_740	IGK	IGKV12S32*01	IGKJ2-2*01	2
IGK_741	IGK	IGKV12S32*01	IGKJ2-3*01	2
IGK_743	IGK	IGKV1S7*01	IGKJ4*01	1
IGK_744	IGK	IGKV1S7*01	IGKJ5*01	1
IGK_745	IGK	IGKV1S7*01	IGKJ1*01	1
IGK_746	IGK	IGKV1S7*01	IGKJ2-1*01	0
IGK_747	IGK	IGKV1S7*01	IGKJ2-2*01	0
IGK_748	IGK	IGKV1S7*01	IGKJ2-3*01	0
IGK_750	IGK	IGKV1S5*01	IGKJ4*01	0
IGK_751	IGK	IGKV1S5*01	IGKJ5*01	0
IGK_752	IGK	IGKV1S5*01	IGKJ1*01	0
IGK_753	IGK	IGKV1S5*01	IGKJ2-1*01	2
IGK_754	IGK	IGKV1S5*01	IGKJ2-2*01	2
IGK_755	IGK	IGKV1S5*01	IGKJ2-3*01	2
IGK_757	IGK	IGKV2S16*01	IGKJ4*01	1
IGK_758	IGK	IGKV2S16*01	IGKJ5*01	1
IGK_759	IGK	IGKV2S16*01	IGKJ1*01	1
IGK_760	IGK	IGKV2S16*01	IGKJ2-1*01	0
IGK_761	IGK	IGKV2S16*01	IGKJ2-2*01	0
IGK_762	IGK	IGKV2S16*01	IGKJ2-3*01	0
IGK_764	IGK	IGKV2S6*01	IGKJ4*01	1
IGK_765	IGK	IGKV2S6*01	IGKJ5*01	1
IGK_766	IGK	IGKV2S6*01	IGKJ1*01	1
IGK_767	IGK	IGKV2S6*01	IGKJ2-1*01	0
IGK_768	IGK	IGKV2S6*01	IGKJ2-2*01	0
IGK_769	IGK	IGKV2S6*01	IGKJ2-3*01	0
IGK_771	IGK	IGKV2S11*01	IGKJ4*01	0
IGK_772	IGK	IGKV2S11*01	IGKJ5*01	0
IGK_773	IGK	IGKV2S11*01	IGKJ1*01	0
IGK_774	IGK	IGKV2S11*01	IGKJ2-1*01	2
IGK_775	IGK	IGKV2S11*01	IGKJ2-2*01	2
IGK_776	IGK	IGKV2S11*01	IGKJ2-3*01	2
IGK_778	IGK	IGKV2S17*01	IGKJ4*01	0
IGK_779	IGK	IGKV2S17*01	IGKJ5*01	0
IGK_780	IGK	IGKV2S17*01	IGKJ1*01	0
IGK_781	IGK	IGKV2S17*01	IGKJ2-1*01	2
IGK_782	IGK	IGKV2S17*01	IGKJ2-2*01	2
IGK_783	IGK	IGKV2S17*01	IGKJ2-3*01	2
IGK_785	IGK	IGKV2S9*01	IGKJ4*01	0
IGK_786	IGK	IGKV2S9*01	IGKJ5*01	0
IGK_787	IGK	IGKV2S9*01	IGKJ1*01	0
IGK_788	IGK	IGKV2S9*01	IGKJ2-1*01	2
IGK_789	IGK	IGKV2S9*01	IGKJ2-2*01	2
IGK_790	IGK	IGKV2S9*01	IGKJ2-3*01	2
IGK_792	IGK	IGKV16S1*01	IGKJ4*01	0
IGK_793	IGK	IGKV16S1*01	IGKJ5*01	0
IGK_794	IGK	IGKV16S1*01	IGKJ1*01	0
IGK_795	IGK	IGKV16S1*01	IGKJ2-1*01	2
IGK_796	IGK	IGKV16S1*01	IGKJ2-2*01	2
IGK_797	IGK	IGKV16S1*01	IGKJ2-3*01	2
IGK_799	IGK	IGKV1S34*01	IGKJ4*01	0
IGK_800	IGK	IGKV1S34*01	IGKJ5*01	0
IGK_801	IGK	IGKV1S34*01	IGKJ1*01	0
IGK_802	IGK	IGKV1S34*01	IGKJ2-1*01	2
IGK_803	IGK	IGKV1S34*01	IGKJ2-2*01	2
IGK_804	IGK	IGKV1S34*01	IGKJ2-3*01	2
IGK_806	IGK	IGKV1S22*01	IGKJ4*01	0
IGK_807	IGK	IGKV1S22*01	IGKJ5*01	0
IGK_808	IGK	IGKV1S22*01	IGKJ1*01	0
IGK_809	IGK	IGKV1S22*01	IGKJ2-1*01	2
IGK_810	IGK	IGKV1S22*01	IGKJ2-2*01	2
IGK_811	IGK	IGKV1S22*01	IGKJ2-3*01	2
IGK_813	IGK	IGKV1S25*01	IGKJ4*01	0
IGK_814	IGK	IGKV1S25*01	IGKJ5*01	0
IGK_815	IGK	IGKV1S25*01	IGKJ1*01	0
IGK_816	IGK	IGKV1S25*01	IGKJ2-1*01	2
IGK_817	IGK	IGKV1S25*01	IGKJ2-2*01	2
IGK_818	IGK	IGKV1S25*01	IGKJ2-3*01	2
IGK_820	IGK	IGKV1S42*01	IGKJ4*01	0
IGK_821	IGK	IGKV1S42*01	IGKJ5*01	0
IGK_822	IGK	IGKV1S42*01	IGKJ1*01	0
IGK_823	IGK	IGKV1S42*01	IGKJ2-1*01	2
IGK_824	IGK	IGKV1S42*01	IGKJ2-2*01	2
IGK_825	IGK	IGKV1S42*01	IGKJ2-3*01	2
IGK_827	IGK	IGKV1S30*01	IGKJ4*01	0
IGK_828	IGK	IGKV1S30*01	IGKJ5*01	0
IGK_829	IGK	IGKV1S30*01	IGKJ1*01	0
IGK_830	IGK	IGKV1S30*01	IGKJ2-1*01	2
IGK_831	IGK	IGKV1S30*01	IGKJ2-2*01	2
IGK_832	IGK	IGKV1S30*01	IGKJ2-3*01	2
IGK_834	IGK	IGKV1S21*01	IGKJ4*01	0
IGK_835	IGK	IGKV1S21*01	IGKJ5*01	0
IGK_836	IGK	IGKV1S21*01	IGKJ1*01	0
IGK_837	IGK	IGKV1S21*01	IGKJ2-1*01	2
IGK_838	IGK	IGKV1S21*01	IGKJ2-2*01	2
IGK_839	IGK	IGKV1S21*01	IGKJ2-3*01	2
IGK_842	IGK	IGKV1S27*01	IGKJ4*01	0
IGK_843	IGK	IGKV1S27*01	IGKJ5*01	0
IGK_844	IGK	IGKV1S27*01	IGKJ1*01	0
IGK_845	IGK	IGKV1S27*01	IGKJ2-1*01	2
IGK_846	IGK	IGKV1S27*01	IGKJ2-2*01	2
IGK_847	IGK	IGKV1S27*01	IGKJ2-3*01	2
IGK_855	IGK	IGKV1S12*01	IGKJ4*01	0
IGK_856	IGK	IGKV1S12*01	IGKJ5*01	0
IGK_857	IGK	IGKV1S12*01	IGKJ1*01	0
IGK_858	IGK	IGKV1S12*01	IGKJ2-1*01	2
IGK_859	IGK	IGKV1S12*01	IGKJ2-2*01	2
IGK_860	IGK	IGKV1S12*01	IGKJ2-3*01	2
IGK_862	IGK	IGKV1S14*01	IGKJ4*01	0
IGK_863	IGK	IGKV1S14*01	IGKJ5*01	0
IGK_864	IGK	IGKV1S14*01	IGKJ1*01	0
IGK_865	IGK	IGKV1S14*01	IGKJ2-1*01	2
IGK_866	IGK	IGKV1S14*01	IGKJ2-2*01	2
IGK_867	IGK	IGKV1S14*01	IGKJ2-3*01	2
IGK_869	IGK	IGKV1S18*01	IGKJ4*01	0
IGK_870	IGK	IGKV1S18*01	IGKJ5*01	0
IGK_871	IGK	IGKV1S18*01	IGKJ1*01	0
IGK_872	IGK	IGKV1S18*01	IGKJ2-1*01	2
IGK_873	IGK	IGKV1S18*01	IGKJ2-2*01	2
IGK_874	IGK	IGKV1S18*01	IGKJ2-3*01	2
IGK_876	IGK	IGKV1S1*01	IGKJ4*01	0
IGK_877	IGK	IGKV1S1*01	IGKJ5*01	0
IGK_878	IGK	IGKV1S1*01	IGKJ1*01	0
IGK_879	IGK	IGKV1S1*01	IGKJ2-1*01	2
IGK_880	IGK	IGKV1S1*01	IGKJ2-2*01	2
IGK_881	IGK	IGKV1S1*01	IGKJ2-3*01	2
IGK_883	IGK	IGKV1S8*01	IGKJ4*01	0
IGK_884	IGK	IGKV1S8*01	IGKJ5*01	0
IGK_885	IGK	IGKV1S8*01	IGKJ1*01	0
IGK_886	IGK	IGKV1S8*01	IGKJ2-1*01	2
IGK_887	IGK	IGKV1S8*01	IGKJ2-2*01	2
IGK_888	IGK	IGKV1S8*01	IGKJ2-3*01	2
IGK_890	IGK	IGKV2S25*01	IGKJ4*01	0
IGK_891	IGK	IGKV2S25*01	IGKJ5*01	0
IGK_892	IGK	IGKV2S25*01	IGKJ1*01	0
IGK_893	IGK	IGKV2S25*01	IGKJ2-1*01	2
IGK_894	IGK	IGKV2S25*01	IGKJ2-2*01	2
IGK_895	IGK	IGKV2S25*01	IGKJ2-3*01	2
IGK_897	IGK	IGKV2S23*01	IGKJ4*01	0
IGK_898	IGK	IGKV2S23*01	IGKJ5*01	0
IGK_899	IGK	IGKV2S23*01	IGKJ1*01	0
IGK_900	IGK	IGKV2S23*01	IGKJ2-1*01	2
IGK_901	IGK	IGKV2S23*01	IGKJ2-2*01	2
IGK_902	IGK	IGKV2S23*01	IGKJ2-3*01	2
IGK_904	IGK	IGKV2S27*01	IGKJ4*01	0
IGK_905	IGK	IGKV2S27*01	IGKJ5*01	0
IGK_906	IGK	IGKV2S27*01	IGKJ1*01	0
IGK_907	IGK	IGKV2S27*01	IGKJ2-1*01	2
IGK_908	IGK	IGKV2S27*01	IGKJ2-2*01	2
IGK_909	IGK	IGKV2S27*01	IGKJ2-3*01	2
IGK_911	IGK	IGKV2S26*01	IGKJ4*01	0
IGK_912	IGK	IGKV2S26*01	IGKJ5*01	0
IGK_913	IGK	IGKV2S26*01	IGKJ1*01	0
IGK_914	IGK	IGKV2S26*01	IGKJ2-1*01	2
IGK_915	IGK	IGKV2S26*01	IGKJ2-2*01	2
IGK_916	IGK	IGKV2S26*01	IGKJ2-3*01	2
IGK_918	IGK	IGKV1S26*01	IGKJ4*01	0
IGK_919	IGK	IGKV1S26*01	IGKJ5*01	0
IGK_920	IGK	IGKV1S26*01	IGKJ1*01	0
IGK_921	IGK	IGKV1S26*01	IGKJ2-1*01	2
IGK_922	IGK	IGKV1S26*01	IGKJ2-2*01	2
IGK_923	IGK	IGKV1S26*01	IGKJ2-3*01	2
IGK_925	IGK	IGKV1S28*01	IGKJ4*01	0
IGK_926	IGK	IGKV1S28*01	IGKJ5*01	0
IGK_927	IGK	IGKV1S28*01	IGKJ1*01	0
IGK_928	IGK	IGKV1S28*01	IGKJ2-1*01	2
IGK_929	IGK	IGKV1S28*01	IGKJ2-2*01	2
IGK_930	IGK	IGKV1S28*01	IGKJ2-3*01	2
IGK_932	IGK	IGKV1S29*01	IGKJ4*01	0
IGK_933	IGK	IGKV1S29*01	IGKJ5*01	0
IGK_934	IGK	IGKV1S29*01	IGKJ1*01	0
IGK_935	IGK	IGKV1S29*01	IGKJ2-1*01	2
IGK_936	IGK	IGKV1S29*01	IGKJ2-2*01	2
IGK_937	IGK	IGKV1S29*01	IGKJ2-3*01	2
IGK_939	IGK	IGKV1S23*01	IGKJ4*01	0
IGK_940	IGK	IGKV1S23*01	IGKJ5*01	0
IGK_941	IGK	IGKV1S23*01	IGKJ1*01	0
IGK_942	IGK	IGKV1S23*01	IGKJ2-1*01	2
IGK_943	IGK	IGKV1S23*01	IGKJ2-2*01	2
IGK_944	IGK	IGKV1S23*01	IGKJ2-3*01	2
IGK_946	IGK	IGKV1S31*01	IGKJ4*01	0
IGK_947	IGK	IGKV1S31*01	IGKJ5*01	0
IGK_948	IGK	IGKV1S31*01	IGKJ1*01	0
IGK_949	IGK	IGKV1S31*01	IGKJ2-1*01	2
IGK_950	IGK	IGKV1S31*01	IGKJ2-2*01	2
IGK_951	IGK	IGKV1S31*01	IGKJ2-3*01	2
IGK_953	IGK	IGKV1S19*01	IGKJ4*01	0
IGK_954	IGK	IGKV1S19*01	IGKJ5*01	0
IGK_955	IGK	IGKV1S19*01	IGKJ1*01	0
IGK_956	IGK	IGKV1S19*01	IGKJ2-1*01	2
IGK_957	IGK	IGKV1S19*01	IGKJ2-2*01	2
IGK_958	IGK	IGKV1S19*01	IGKJ2-3*01	2
IGK_960	IGK	IGKV10S6*01	IGKJ4*01	2
IGK_961	IGK	IGKV10S6*01	IGKJ5*01	2
IGK_962	IGK	IGKV10S6*01	IGKJ1*01	2
IGK_963	IGK	IGKV10S6*01	IGKJ2-1*01	1
IGK_964	IGK	IGKV10S6*01	IGKJ2-2*01	1
IGK_965	IGK	IGKV10S6*01	IGKJ2-3*01	1
IGK_967	IGK	IGKV4S21*01	IGKJ4*01	2
IGK_968	IGK	IGKV4S21*01	IGKJ5*01	2
IGK_969	IGK	IGKV4S21*01	IGKJ1*01	2
IGK_970	IGK	IGKV4S21*01	IGKJ2-1*01	1
IGK_971	IGK	IGKV4S21*01	IGKJ2-2*01	1
IGK_972	IGK	IGKV4S21*01	IGKJ2-3*01	1
IGK_974	IGK	IGKV10S11*01	IGKJ4*01	0
IGK_975	IGK	IGKV10S11*01	IGKJ5*01	0
IGK_976	IGK	IGKV10S11*01	IGKJ1*01	0
IGK_977	IGK	IGKV10S11*01	IGKJ2-1*01	2
IGK_978	IGK	IGKV10S11*01	IGKJ2-2*01	2
IGK_979	IGK	IGKV10S11*01	IGKJ2-3*01	2
IGL_0	IGL	IGLV4S1*01	IGLJ1*01,IGLJ3*01	1
IGL_1	IGL	IGLV4S1*01	IGLJ2*01,IGLJ4*01	1
IGL_2	IGL	IGLV3S1*01	IGLJ1*01,IGLJ3*01	2
IGL_3	IGL	IGLV3S1*01	IGLJ2*01,IGLJ4*01	2
IGL_4	IGL	IGLV1S1*01	IGLJ1*01,IGLJ3*01	2
IGL_5	IGL	IGLV1S1*01	IGLJ2*01,IGLJ4*01	2
IGL_6	IGL	IGLV3S4*01	IGLJ1*01,IGLJ3*01	2
IGL_7	IGL	IGLV3S4*01	IGLJ2*01,IGLJ4*01	2
IGL_8	IGL	IGLV3S5*01	IGLJ1*01,IGLJ3*01	2
IGL_9	IGL	IGLV3S5*01	IGLJ2*01,IGLJ4*01	2
IGL_10	IGL	IGLV2S1*01	IGLJ1*01,IGLJ3*01	2
IGL_11	IGL	IGLV2S1*01	IGLJ2*01,IGLJ4*01	2
IGL_12	IGL	IGLV3S2*01	IGLJ1*01,IGLJ3*01	2
IGL_13	IGL	IGLV3S2*01	IGLJ2*01,IGLJ4*01	2
IGL_14	IGL	IGLV3S3*01	IGLJ1*01,IGLJ3*01	2
IGL_15	IGL	IGLV3S3*01	IGLJ2*01,IGLJ4*01	2
IGH_4	IGH	IGHV1-47*01	IGHJ3*01	10
IGH_5	IGH	IGHV1-47*01	IGHJ4*01	10
IGH_6	IGH	IGHV1-47*01	IGHJ1*01	11
IGH_7	IGH	IGHV1-47*01	IGHJ2*01	11
IGH_8	IGH	IGHV2-47*01	IGHJ1*01	9
IGH_9	IGH	IGHV2-47*01	IGHJ3*01	11
IGH_10	IGH	IGHV2-47*01	IGHJ4*01	11
IGH_11	IGH	IGHV2-47*01	IGHJ2*01	9
IGH_12	IGH	IGHV2-75*01	IGHJ1*01	9
IGH_13	IGH	IGHV2-75*01	IGHJ3*01	11
IGH_14	IGH	IGHV2-75*01	IGHJ4*01	11
IGH_15	IGH	IGHV2-75*01	IGHJ2*01	9
IGH_16	IGH	IGHV2-40*01	IGHJ3*01	9
IGH_17	IGH	IGHV2-40*01	IGHJ4*01	9
IGH_18	IGH	IGHV2-40*01	IGHJ1*01	10
IGH_19	IGH	IGHV2-40*01	IGHJ2*01	10
IGH_20	IGH	IGHV1-25*01	IGHJ3*01	10
IGH_21	IGH	IGHV1-25*01	IGHJ4*01	10
IGH_22	IGH	IGHV1-25*01	IGHJ1*01	11
IGH_23	IGH	IGHV1-25*01	IGHJ2*01	11
IGH_24	IGH	IGHV8-24*01	IGHJ3*01	9
IGH_25	IGH	IGHV8-24*01	IGHJ4*01	9
IGH_26	IGH	IGHV8-24*01	IGHJ1*01	10
IGH_27	IGH	IGHV8-24*01	IGHJ2*01	10
IGH_28	IGH	IGHV9S3*01	IGHJ3*01	10
IGH_29	IGH	IGHV9S3*01	IGHJ4*01	10
IGH_30	IGH	IGHV9S3*01	IGHJ1*01	11
IGH_31	IGH	IGHV9S3*01	IGHJ2*01	11
IGH_32	IGH	IGHV9-3*01	IGHJ3*01	10
IGH_33	IGH	IGHV9-3*01	IGHJ4*01	10
IGH_34	IGH	IGHV9-3*01	IGHJ1*01	11
IGH_35	IGH	IGHV9-3*01	IGHJ2*01	11
IGH_36	IGH	IGHV9-4*01	IGHJ3*01	10
IGH_37	IGH	IGHV9-4*01	IGHJ4*01	10
IGH_38	IGH	IGHV9-4*01	IGHJ1*01	11
IGH_39	IGH	IGHV9-4*01	IGHJ2*01	11
IGH_40	IGH	IGHV3-8*01	IGHJ1*01	9
IGH_41	IGH	IGHV3-8*01	IGHJ3*01	11
IGH_42	IGH	IGHV3-8*01	IGHJ4*01	11
IGH_43	IGH	IGHV3-8*01	IGHJ2*01	9
IGH_44	IGH	IGHV12-2*01	IGHJ3*01	10
IGH_45	IGH	IGHV12-2*01	IGHJ4*01	10
IGH_46	IGH	IGHV12-2*01	IGHJ1*01	11
IGH_47	IGH	IGHV12-2*01	IGHJ2*01	11
IGH_48	IGH	IGHV9-6*01	IGHJ3*01	10
IGH_49	IGH	IGHV9-6*01	IGHJ4*01	10
IGH_50	IGH	IGHV9-6*01	IGHJ1*01	11
IGH_51	IGH	IGHV9-6*01	IGHJ2*01	11
IGH_52	IGH	IGHV9-8*01	IGHJ3*01	10
IGH_53	IGH	IGHV9-8*01	IGHJ4*01	10
IGH_54	IGH	IGHV9-8*01	IGHJ1*01	11
IGH_55	IGH	IGHV9-8*01	IGHJ2*01	11
IGH_56	IGH	IGHV1-24*01	IGHJ3*01	10
IGH_57	IGH	IGHV1-24*01	IGHJ4*01	10
IGH_58	IGH	IGHV1-24*01	IGHJ1*01	11
IGH_59	IGH	IGHV1-24*01	IGHJ2*01	11
IGH_60	IGH	IGHV2S61*01	IGHJ1*01	9
IGH_61	IGH	IGHV2S61*01	IGHJ3*01	11
IGH_62	IGH	IGHV2S61*01	IGHJ4*01	11
IGH_63	IGH	IGHV2S61*01	IGHJ2*01	9
IGH_64	IGH	IGHV2S18*01	IGHJ1*01	9
IGH_65	IGH	IGHV2S18*01	IGHJ3*01	11
IGH_66	IGH	IGHV2S18*01	IGHJ4*01	11
IGH_67	IGH	IGHV2S18*01	IGHJ2*01	9
IGH_68	IGH	IGHV2-8*01	IGHJ1*01	9
IGH_69	IGH	IGHV2-8*01	IGHJ3*01	11
IGH_70	IGH	IGHV2-8*01	IGHJ4*01	11
IGH_71	IGH	IGHV2-8*01	IGHJ2*01	9
IGH_72	IGH	IGHV1-28*01	IGHJ3*01	10
IGH_73	IGH	IGHV1-28*01	IGHJ4*01	10
IGH_74	IGH	IGHV1-28*01	IGHJ1*01	11
IGH_75	IGH	IGHV1-28*01	IGHJ2*01	11
IGH_76	IGH	IGHV1-32*01	IGHJ3*01	10
IGH_77	IGH	IGHV1-32*01	IGHJ4*01	10
IGH_78	IGH	IGHV1-32*01	IGHJ1*01	11
IGH_79	IGH	IGHV1-32*01	IGHJ2*01	11
IGH_80	IGH	IGHV1-38*01	IGHJ3*01	10
IGH_81	IGH	IGHV1-38*01	IGHJ4*01	10
IGH_82	IGH	IGHV1-38*01	IGHJ1*01	11
IGH_83	IGH	IGHV1-38*01	IGHJ2*01	11
IGH_84	IGH	IGHV1-36*01	IGHJ3*01	10
IGH_85	IGH	IGHV1-36*01	IGHJ4*01	10
IGH_86	IGH	IGHV1-36*01	IGHJ1*01	11
IGH_87	IGH	IGHV1-36*01	IGHJ2*01	11
IGH_88	IGH	IGHV1-42*01	IGHJ3*01	10
IGH_89	IGH	IGHV1-42*01	IGHJ4*01	10
IGH_90	IGH	IGHV1-42*01	IGHJ1*01	11
IGH_91	IGH	IGHV1-42*01	IGHJ2*01	11
IGH_92	IGH	IGHV1-60*01	IGHJ3*01	10
IGH_93	IGH	IGHV1-60*01	IGHJ4*01	10
IGH_94	IGH	IGHV1-60*01	IGHJ1*01	11
IGH_95	IGH	IGHV1-60*01	IGHJ2*01	11
IGH_96	IGH	IGHV1-43*01	IGHJ3*01	10
IGH_97	IGH	IGHV1-43*01	IGHJ4*01	10
IGH_98	IGH	IGHV1-43*01	IGHJ1*01	11
IGH_99	IGH	IGHV1-43*01	IGHJ2*01	11
IGH_100	IGH	IGHV1-57*01	IGHJ3*01	10
IGH_101	IGH	IGHV1-57*01	IGHJ4*01	10
IGH_102	IGH	IGHV1-57*01	IGHJ1*01	11
IGH_103	IGH	IGHV1-57*01	IGHJ2*01	11
IGH_104	IGH	IGHV1-53*01	IGHJ3*01	10
IGH_105	IGH	IGHV1-53*01	IGHJ4*01	10
IGH_106	IGH	IGHV1-53*01	IGHJ1*01	11
IGH_107	IGH	IGHV1-53*01	IGHJ2*01	11
IGH_108	IGH	IGHV1-35*01	IGHJ1*01	9
IGH_109	IGH	IGHV1-35*01	IGHJ3*01	11
IGH_110	IGH	IGHV1-35*01	IGHJ4*01	11
IGH_111	IGH	IGHV1-35*01	IGHJ2*01	9
IGH_112	IGH	IGHV1-52*01	IGHJ3*01	10
IGH_113	IGH	IGHV1-52*01	IGHJ4*01	10
IGH_114	IGH	IGHV1-52*01	IGHJ1*01	11
IGH_115	IGH	IGHV1-52*01	IGHJ2*01	11
IGH_116	IGH	IGHV1-68*01	IGHJ3*01	9
IGH_117	IGH	IGHV1-68*01	IGHJ4*01	9
IGH_118	IGH	IGHV1-68*01	IGHJ1*01	10
IGH_119	IGH	IGHV1-68*01	IGHJ2*01	10
IGH_120	IGH	IGHV3-5*01	IGHJ1*01	9
IGH_121	IGH	IGHV3-5*01	IGHJ3*01	11
IGH_122	IGH	IGHV3-5*01	IGHJ4*01	11
IGH_123	IGH	IGHV3-5*01	IGHJ2*01	9
IGH_124	IGH	IGHV8-31*01	IGHJ3*01	9
IGH_125	IGH	IGHV8-31*01	IGHJ4*01	9
IGH_126	IGH	IGHV8-31*01	IGHJ1*01	10
IGH_127	IGH	IGHV8-31*01	IGHJ2*01	10
IGH_128	IGH	IGHV2-78*01	IGHJ1*01	9
IGH_129	IGH	IGHV2-78*01	IGHJ3*01	11
IGH_130	IGH	IGHV2-78*01	IGHJ4*01	11
IGH_131	IGH	IGHV2-78*01	IGHJ2*01	9
IGH_132	IGH	IGHV2S12*01	IGHJ3*01	10
IGH_133	IGH	IGHV2S12*01	IGHJ4*01	10
IGH_134	IGH	IGHV2S12*01	IGHJ1*01	11
IGH_135	IGH	IGHV2S12*01	IGHJ2*01	11
IGH_136	IGH	IGHV2-6*01	IGHJ3*01	10
IGH_137	IGH	IGHV2-6*01	IGHJ4*01	10
IGH_138	IGH	IGHV2-6*01	IGHJ1*01	11
IGH_139	IGH	IGHV2-6*01	IGHJ2*01	11
IGH_140	IGH	IGHV2-41*01	IGHJ1*01	9
IGH_141	IGH	IGHV2-41*01	IGHJ3*01	11
IGH_142	IGH	IGHV2-41*01	IGHJ4*01	11
IGH_143	IGH	IGHV2-41*01	IGHJ2*01	9
IGH_144	IGH	IGHV2-77*01	IGHJ3*01	9
IGH_145	IGH	IGHV2-77*01	IGHJ4*01	9
IGH_146	IGH	IGHV2-77*01	IGHJ1*01	10
IGH_147	IGH	IGHV2-77*01	IGHJ2*01	10
IGH_148	IGH	IGHV2-59*01	IGHJ1*01	9
IGH_149	IGH	IGHV2-59*01	IGHJ3*01	11
IGH_150	IGH	IGHV2-59*01	IGHJ4*01	11
IGH_151	IGH	IGHV2-59*01	IGHJ2*01	9
IGH_152	IGH	IGHV2-55*01	IGHJ1*01	9
IGH_153	IGH	IGHV2-55*01	IGHJ3*01	11
IGH_154	IGH	IGHV2-55*01	IGHJ4*01	11
IGH_155	IGH	IGHV2-55*01	IGHJ2*01	9
IGH_156	IGH	IGHV2-65*01	IGHJ1*01	9
IGH_157	IGH	IGHV2-65*01	IGHJ3*01	11
IGH_158	IGH	IGHV2-65*01	IGHJ4*01	11
IGH_159	IGH	IGHV2-65*01	IGHJ2*01	9
IGH_160	IGH	IGHV2-64*01	IGHJ1*01	9
IGH_161	IGH	IGHV2-64*01	IGHJ3*01	11
IGH_162	IGH	IGHV2-64*01	IGHJ4*01	11
IGH_163	IGH	IGHV2-64*01	IGHJ2*01	9
IGH_164	IGH	IGHV2-39*01	IGHJ1*01	9
IGH_165	IGH	IGHV2-39*01	IGHJ3*01	11
IGH_166	IGH	IGHV2-39*01	IGHJ4*01	11
IGH_167	IGH	IGHV2-39*01	IGHJ2*01	9
IGH_168	IGH	IGHV2-27*01	IGHJ3*01	10
IGH_169	IGH	IGHV2-27*01	IGHJ4*01	10
IGH_170	IGH	IGHV2-27*01	IGHJ1*01	11
IGH_171	IGH	IGHV2-27*01	IGHJ2*01	11
IGH_172	IGH	IGHV2-32*01	IGHJ1*01	9
IGH_173	IGH	IGHV2-32*01	IGHJ3*01	11
IGH_174	IGH	IGHV2-32*01	IGHJ4*01	11
IGH_175	IGH	IGHV2-32*01	IGHJ2*01	9
IGH_176	IGH	IGHV2-70*01	IGHJ1*01	9
IGH_177	IGH	IGHV2-70*01	IGHJ3*01	11
IGH_178	IGH	IGHV2-70*01	IGHJ4*01	11
IGH_179	IGH	IGHV2-70*01	IGHJ2*01	9
IGH_180	IGH	IGHV2S78*01	IGHJ1*01	9
IGH_181	IGH	IGHV2S78*01	IGHJ3*01	11
IGH_182	IGH	IGHV2S78*01	IGHJ4*01	11
IGH_183	IGH	IGHV2S78*01	IGHJ2*01	9
IGH_184	IGH	IGHV2S13*01	IGHJ1*01	9
IGH_185	IGH	IGHV2S13*01	IGHJ3*01	11
IGH_186	IGH	IGHV2S13*01	IGHJ4*01	11
IGH_187	IGH	IGHV2S13*01	IGHJ2*01	9
IGH_188	IGH	IGHV2-72*01	IGHJ1*01	9
IGH_189	IGH	IGHV2-72*01	IGHJ3*01	11
IGH_190	IGH	IGHV2-72*01	IGHJ4*01	11
IGH_191	IGH	IGHV2-72*01	IGHJ2*01	9
IGH_192	IGH	IGHV2S1*01	IGHJ1*01	9
IGH_193	IGH	IGHV2S1*01	IGHJ3*01	11
IGH_194	IGH	IGHV2S1*01	IGHJ4*01	11
IGH_195	IGH	IGHV2S1*01	IGHJ2*01	9
IGH_196	IGH	IGHV2S35*01	IGHJ1*01	9
IGH_197	IGH	IGHV2S35*01	IGHJ3*01	11
IGH_198	IGH	IGHV2S35*01	IGHJ4*01	11
IGH_199	IGH	IGHV2S35*01	IGHJ2*01	9
IGH_204	IGH	IGHV2S54*01	IGHJ1*01	9
IGH_205	IGH	IGHV2S54*01	IGHJ3*01	11
IGH_206	IGH	IGHV2S54*01	IGHJ4*01	11
IGH_207	IGH	IGHV2S54*01	IGHJ2*01	9
IGH_208	IGH	IGHV2S30*01	IGHJ1*01	9
IGH_209	IGH	IGHV2S30*01	IGHJ3*01	11
IGH_210	IGH	IGHV2S30*01	IGHJ4*01	11
IGH_211	IGH	IGHV2S30*01	IGHJ2*01	9
IGH_212	IGH	IGHV2-4*01	IGHJ1*01	9
IGH_213	IGH	IGHV2-4*01	IGHJ3*01	11
IGH_214	IGH	IGHV2-4*01	IGHJ4*01	11
IGH_215	IGH	IGHV2-4*01	IGHJ2*01	9
IGH_216	IGH	IGHV2-30*01	IGHJ1*01	9
IGH_217	IGH	IGHV2-30*01	IGHJ3*01	11
IGH_218	IGH	IGHV2-30*01	IGHJ4*01	11
IGH_219	IGH	IGHV2-30*01	IGHJ2*01	9
IGH_220	IGH	IGHV2-15*01	IGHJ1*01	9
IGH_221	IGH	IGHV2-15*01	IGHJ3*01	11
IGH_222	IGH	IGHV2-15*01	IGHJ4*01	11
IGH_223	IGH	IGHV2-15*01	IGHJ2*01	9
IGH_224	IGH	IGHV2S8*01	IGHJ1*01	9
IGH_225	IGH	IGHV2S8*01	IGHJ3*01	11
IGH_226	IGH	IGHV2S8*01	IGHJ4*01	11
IGH_227	IGH	IGHV2S8*01	IGHJ2*01	9
IGH_228	IGH	IGHV2-16*01	IGHJ1*01	9
IGH_229	IGH	IGHV2-16*01	IGHJ3*01	11
IGH_230	IGH	IGHV2-16*01	IGHJ4*01	11
IGH_231	IGH	IGHV2-16*01	IGHJ2*01	9
IGH_232	IGH	IGHV2-1*01	IGHJ3*01	10
IGH_233	IGH	IGHV2-1*01	IGHJ4*01	10
IGH_234	IGH	IGHV2-1*01	IGHJ1*01	11
IGH_235	IGH	IGHV2-1*01	IGHJ2*01	11
IGH_236	IGH	IGHV2-63*01	IGHJ1*01	9
IGH_237	IGH	IGHV2-63*01	IGHJ3*01	11
IGH_238	IGH	IGHV2-63*01	IGHJ4*01	11
IGH_239	IGH	IGHV2-63*01	IGHJ2*01	9
IGH_240	IGH	IGHV2-19*01	IGHJ1*01	9
IGH_241	IGH	IGHV2-19*01	IGHJ3*01	11
IGH_242	IGH	IGHV2-19*01	IGHJ4*01	11
IGH_243	IGH	IGHV2-19*01	IGHJ2*01	9
IGH_244	IGH	IGHV2-13*01	IGHJ3*01	10
IGH_245	IGH	IGHV2-13*01	IGHJ4*01	10
IGH_246	IGH	IGHV2-13*01	IGHJ1*01	11
IGH_247	IGH	IGHV2-13*01	IGHJ2*01	11
IGH_248	IGH	IGHV2-52*01	IGHJ1*01	9
IGH_249	IGH	IGHV2-52*01	IGHJ3*01	11
IGH_250	IGH	IGHV2-52*01	IGHJ4*01	11
IGH_251	IGH	IGHV2-52*01	IGHJ2*01	9
IGH_252	IGH	IGHV2S75*01	IGHJ1*01	9
IGH_253	IGH	IGHV2S75*01	IGHJ3*01	11
IGH_254	IGH	IGHV2S75*01	IGHJ4*01	11
IGH_255	IGH	IGHV2S75*01	IGHJ2*01	9
IGH_256	IGH	IGHV2-45*01	IGHJ1*01	9
IGH_257	IGH	IGHV2-45*01	IGHJ3*01	11
IGH_258	IGH	IGHV2-45*01	IGHJ4*01	11
IGH_259	IGH	IGHV2-45*01	IGHJ2*01	9
IGH_260	IGH	IGHV2-53*01	IGHJ1*01	9
IGH_261	IGH	IGHV2-53*01	IGHJ3*01	11
IGH_262	IGH	IGHV2-53*01	IGHJ4*01	11
IGH_263	IGH	IGHV2-53*01	IGHJ2*01	9
IGH_264	IGH	IGHV2-61*01	IGHJ1*01	9
IGH_265	IGH	IGHV2-61*01	IGHJ3*01	11
IGH_266	IGH	IGHV2-61*01	IGHJ4*01	11
IGH_267	IGH	IGHV2-61*01	IGHJ2*01	9
IGH_268	IGH	IGHV1-29*01	IGHJ3*01	10
IGH_269	IGH	IGHV1-29*01	IGHJ4*01	10
IGH_270	IGH	IGHV1-29*01	IGHJ1*01	11
IGH_271	IGH	IGHV1-29*01	IGHJ2*01	11
IGH_272	IGH	IGHV8-28*01	IGHJ3*01	9
IGH_273	IGH	IGHV8-28*01	IGHJ4*01	9
IGH_274	IGH	IGHV8-28*01	IGHJ1*01	10
IGH_275	IGH	IGHV8-28*01	IGHJ2*01	10
IGH_276	IGH	IGHV8-23*01	IGHJ3*01	9
IGH_277	IGH	IGHV8-23*01	IGHJ4*01	9
IGH_278	IGH	IGHV8-23*01	IGHJ1*01	10
IGH_279	IGH	IGHV8-23*01	IGHJ2*01	10
IGH_280	IGH	IGHV8-20*01	IGHJ3*01	9
IGH_281	IGH	IGHV8-20*01	IGHJ4*01	9
IGH_282	IGH	IGHV8-20*01	IGHJ1*01	10
IGH_283	IGH	IGHV8-20*01	IGHJ2*01	10
IGH_284	IGH	IGHV8-27*01	IGHJ3*01	9
IGH_285	IGH	IGHV8-27*01	IGHJ4*01	9
IGH_286	IGH	IGHV8-27*01	IGHJ1*01	10
IGH_287	IGH	IGHV8-27*01	IGHJ2*01	10
IGH_288	IGH	IGHV8-25*01	IGHJ3*01	9
IGH_289	IGH	IGHV8-25*01	IGHJ4*01	9
IGH_290	IGH	IGHV8-25*01	IGHJ1*01	10
IGH_291	IGH	IGHV8-25*01	IGHJ2*01	10
IGH_292	IGH	IGHV8-17*01	IGHJ3*01	9
IGH_293	IGH	IGHV8-17*01	IGHJ4*01	9
IGH_294	IGH	IGHV8-17*01	IGHJ1*01	10
IGH_295	IGH	IGHV8-17*01	IGHJ2*01	10
IGH_296	IGH	IGHV8-3*01	IGHJ3*01	9
IGH_297	IGH	IGHV8-3*01	IGHJ4*01	9
IGH_298	IGH	IGHV8-3*01	IGHJ1*01	10
IGH_299	IGH	IGHV8-3*01	IGHJ2*01	10
IGH_300	IGH	IGHV8-22*01	IGHJ3*01	9
IGH_301	IGH	IGHV8-22*01	IGHJ4*01	9
IGH_302	IGH	IGHV8-22*01	IGHJ1*01	10
IGH_303	IGH	IGHV8-22*01	IGHJ2*01	10
IGH_304	IGH	IGHV8-30*01	IGHJ3*01	9
IGH_305	IGH	IGHV8-30*01	IGHJ4*01	9
IGH_306	IGH	IGHV8-30*01	IGHJ1*01	10
IGH_307	IGH	IGHV8-30*01	IGHJ2*01	10
IGH_308	IGH	IGHV8S18*01	IGHJ3*01	9
IGH_309	IGH	IGHV8S18*01	IGHJ4*01	9
IGH_310	IGH	IGHV8S18*01	IGHJ1*01	10
IGH_311	IGH	IGHV8S18*01	IGHJ2*01	10
IGH_312	IGH	IGHV8-16*01	IGHJ3*01	9
IGH_313	IGH	IGHV8-16*01	IGHJ4*01	9
IGH_314	IGH	IGHV8-16*01	IGHJ1*01	10
IGH_315	IGH	IGHV8-16*01	IGHJ2*01	10
IGH_316	IGH	IGHV1-22*01	IGHJ3*01	10
IGH_317	IGH	IGHV1-22*01	IGHJ4*01	10
IGH_318	IGH	IGHV1-22*01	IGHJ1*01	11
IGH_319	IGH	IGHV1-22*01	IGHJ2*01	11
IGH_320	IGH	IGHV11-1*01	IGHJ1*01	9
IGH_321	IGH	IGHV11-1*01	IGHJ3*01	11
IGH_322	IGH	IGHV11-1*01	IGHJ4*01	11
IGH_323	IGH	IGHV11-1*01	IGHJ2*01	9
IGH_324	IGH	IGHV11-10*01	IGHJ1*01	9
IGH_325	IGH	IGHV11-10*01	IGHJ3*01	11
IGH_326	IGH	IGHV11-10*01	IGHJ4*01	11
IGH_327	IGH	IGHV11-10*01	IGHJ2*01	9
IGH_328	IGH	IGHV1-8*01	IGHJ3*01	10
IGH_329	IGH	IGHV1-8*01	IGHJ4*01	10
IGH_330	IGH	IGHV1-8*01	IGHJ1*01	11
IGH_331	IGH	IGHV1-8*01	IGHJ2*01	11
IGH_332	IGH	IGHV1S62*01	IGHJ3*01	10
IGH_333	IGH	IGHV1S62*01	IGHJ4*01	10
IGH_334	IGH	IGHV1S62*01	IGHJ1*01	11
IGH_335	IGH	IGHV1S62*01	IGHJ2*01	11
IGH_336	IGH	IGHV11-3*01	IGHJ1*01	9
IGH_337	IGH	IGHV11-3*01	IGHJ3*01	11
IGH_338	IGH	IGHV11-3*01	IGHJ4*01	11
IGH_339	IGH	IGHV11-3*01	IGHJ2*01	9
IGH_340	IGH	IGHV11-12*01	IGHJ1*01	9
IGH_341	IGH	IGHV11-12*01	IGHJ3*01	11
IGH_342	IGH	IGHV11-12*01	IGHJ4*01	11
IGH_343	IGH	IGHV11-12*01	IGHJ2*01	9
IGH_344	IGH	IGHV11-4*01	IGHJ1*01	9
IGH_345	IGH	IGHV11-4*01	IGHJ3*01	11
IGH_346	IGH	IGHV11-4*01	IGHJ4*01	11
IGH_347	IGH	IGHV11-4*01	IGHJ2*01	9
IGH_348	IGH	IGHV1-18*01	IGHJ3*01	10
IGH_349	IGH	IGHV1-18*01	IGHJ4*01	10
IGH_350	IGH	IGHV1-18*01	IGHJ1*01	11
IGH_351	IGH	IGHV1-18*01	IGHJ2*01	11
IGH_352	IGH	IGHV1-11*01	IGHJ3*01	10
IGH_353	IGH	IGHV1-11*01	IGHJ4*01	10
IGH_354	IGH	IGHV1-11*01	IGHJ1*01	11
IGH_355	IGH	IGHV1-11*01	IGHJ2*01	11
IGH_356	IGH	IGHV1-13*01	IGHJ3*01	10
IGH_357	IGH	IGHV1-13*01	IGHJ4*01	10
IGH_358	IGH	IGHV1-13*01	IGHJ1*01	11
IGH_359	IGH	IGHV1-13*01	IGHJ2*01	11
IGH_360	IGH	IGHV1-6*01	IGHJ3*01	10
IGH_361	IGH	IGHV1-6*01	IGHJ4*01	10
IGH_362	IGH	IGHV1-6*01	IGHJ1*01	11
IGH_363	IGH	IGHV1-6*01	IGHJ2*01	11
IGH_364	IGH	IGHV1-16*01	IGHJ3*01	10
IGH_365	IGH	IGHV1-16*01	IGHJ4*01	10
IGH_366	IGH	IGHV1-16*01	IGHJ1*01	11
IGH_367	IGH	IGHV1-16*01	IGHJ2*01	11
IGH_368	IGH	IGHV11-2*01	IGHJ1*01	9
IGH_369	IGH	IGHV11-2*01	IGHJ3*01	11
IGH_370	IGH	IGHV11-2*01	IGHJ4*01	11
IGH_371	IGH	IGHV11-2*01	IGHJ2*01	9
IGH_372	IGH	IGHV11-9*01	IGHJ1*01	9
IGH_373	IGH	IGHV11-9*01	IGHJ3*01	11
IGH_374	IGH	IGHV11-9*01	IGHJ4*01	11
IGH_375	IGH	IGHV11-9*01	IGHJ2*01	9
IGH_376	IGH	IGHV5-35*01	IGHJ1*01	9
IGH_377	IGH	IGHV5-35*01	IGHJ3*01	11
IGH_378	IGH	IGHV5-35*01	IGHJ4*01	11
IGH_379	IGH	IGHV5-35*01	IGHJ2*01	9
IGH_380	IGH	IGHV5S47*01,IGHV5S8*01	IGHJ1*01	9
IGH_381	IGH	IGHV5S47*01,IGHV5S8*01	IGHJ3*01	11
IGH_382	IGH	IGHV5S47*01,IGHV5S8*01	IGHJ4*01	11
IGH_383	IGH	IGHV5S47*01,IGHV5S8*01	IGHJ2*01	9
IGH_384	IGH	IGHV1-31*01	IGHJ3*01	10
IGH_385	IGH	IGHV1-31*01	IGHJ4*01	10
IGH_386	IGH	IGHV1-31*01	IGHJ1*01	11
IGH_387	IGH	IGHV1-31*01	IGHJ2*01	11
IGH_388	IGH	IGHV10-2*01	IGHJ3*01	9
IGH_389	IGH	IGHV10-2*01	IGHJ4*01	9
IGH_390	IGH	IGHV10-2*01	IGHJ1*01	10
IGH_391	IGH	IGHV10-2*01	IGHJ2*01	10
IGH_392	IGH	IGHV1-56*01	IGHJ3*01	10
IGH_393	IGH	IGHV1-56*01	IGHJ4*01	10
IGH_394	IGH	IGHV1-56*01	IGHJ1*01	11
IGH_395	IGH	IGHV1-56*01	IGHJ2*01	11
IGH_396	IGH	IGHV1-65*01	IGHJ3*01	10
IGH_397	IGH	IGHV1-65*01	IGHJ4*01	10
IGH_398	IGH	IGHV1-65*01	IGHJ1*01	11
IGH_399	IGH	IGHV1-65*01	IGHJ2*01	11
IGH_400	IGH	IGHV1-49*01	IGHJ3*01	10
IGH_401	IGH	IGHV1-49*01	IGHJ4*01	10
IGH_402	IGH	IGHV1-49*01	IGHJ1*01	11
IGH_403	IGH	IGHV1-49*01	IGHJ2*01	11
IGH_404	IGH	IGHV6-10*01	IGHJ3*01	10
IGH_405	IGH	IGHV6-10*01	IGHJ4*01	10
IGH_406	IGH	IGHV6-10*01	IGHJ1*01	11
IGH_407	IGH	IGHV6-10*01	IGHJ2*01	11
IGH_408	IGH	IGHV5-2*01	IGHJ1*01	9
IGH_409	IGH	IGHV5-2*01	IGHJ3*01	11
IGH_410	IGH	IGHV5-2*01	IGHJ4*01	11
IGH_411	IGH	IGHV5-2*01	IGHJ2*01	9
IGH_412	IGH	IGHV10-11*01	IGHJ3*01	9
IGH_413	IGH	IGHV10-11*01	IGHJ4*01	9
IGH_414	IGH	IGHV10-11*01	IGHJ1*01	10
IGH_415	IGH	IGHV10-11*01	IGHJ2*01	10
IGH_416	IGH	IGHV1-50*01	IGHJ3*01	10
IGH_417	IGH	IGHV1-50*01	IGHJ4*01	10
IGH_418	IGH	IGHV1-50*01	IGHJ1*01	11
IGH_419	IGH	IGHV1-50*01	IGHJ2*01	11
IGH_420	IGH	IGHV6-21*01	IGHJ3*01	10
IGH_421	IGH	IGHV6-21*01	IGHJ4*01	10
IGH_422	IGH	IGHV6-21*01	IGHJ1*01	11
IGH_423	IGH	IGHV6-21*01	IGHJ2*01	11
IGH_424	IGH	IGHV6-19*01	IGHJ3*01	10
IGH_425	IGH	IGHV6-19*01	IGHJ4*01	10
IGH_426	IGH	IGHV6-19*01	IGHJ1*01	11
IGH_427	IGH	IGHV6-19*01	IGHJ2*01	11
IGH_428	IGH	IGHV4-2*01	IGHJ1*01	9
IGH_429	IGH	IGHV4-2*01	IGHJ3*01	11
IGH_430	IGH	IGHV4-2*01	IGHJ4*01	11
IGH_431	IGH	IGHV4-2*01	IGHJ2*01	9
IGH_432	IGH	IGHV5-24*01	IGHJ3*01	10
IGH_433	IGH	IGHV5-24*01	IGHJ4*01	10
IGH_434	IGH	IGHV5-24*01	IGHJ1*01	11
IGH_435	IGH	IGHV5-24*01	IGHJ2*01	11
IGH_436	IGH	IGHV7-4*01	IGHJ3*01	10
IGH_437	IGH	IGHV7-4*01	IGHJ4*01	10
IGH_438	IGH	IGHV7-4*01	IGHJ1*01	11
IGH_439	IGH	IGHV7-4*01	IGHJ2*01	11
IGH_440	IGH	IGHV7-14*01	IGHJ3*01	10
IGH_441	IGH	IGHV7-14*01	IGHJ4*01	10
IGH_442	IGH	IGHV7-14*01	IGHJ1*01	11
IGH_443	IGH	IGHV7-14*01	IGHJ2*01	11
IGH_444	IGH	IGHV5-36*01	IGHJ3*01	10
IGH_445	IGH	IGHV5-36*01	IGHJ4*01	10
IGH_446	IGH	IGHV5-36*01	IGHJ1*01	11
IGH_447	IGH	IGHV5-36*01	IGHJ2*01	11
IGH_448	IGH	IGHV7-7*01	IGHJ3*01	10
IGH_449	IGH	IGHV7-7*01	IGHJ4*01	10
IGH_450	IGH	IGHV7-7*01	IGHJ1*01	11
IGH_451	IGH	IGHV7-7*01	IGHJ2*01	11
IGH_452	IGH	IGHV7-6*01	IGHJ3*01	10
IGH_453	IGH	IGHV7-6*01	IGHJ4*01	10
IGH_454	IGH	IGHV7-6*01	IGHJ1*01	11
IGH_455	IGH	IGHV7-6*01	IGHJ2*01	11
IGH_456	IGH	IGHV7-2*01	IGHJ3*01	10
IGH_457	IGH	IGHV7-2*01	IGHJ4*01	10
IGH_458	IGH	IGHV7-2*01	IGHJ1*01	11
IGH_459	IGH	IGHV7-2*01	IGHJ2*01	11
IGH_460	IGH	IGHV4-1*01	IGHJ1*01	9
IGH_461	IGH	IGHV4-1*01	IGHJ3*01	11
IGH_462	IGH	IGHV4-1*01	IGHJ4*01	11
IGH_463	IGH	IGHV4-1*01	IGHJ2*01	9
IGH_464	IGH	IGHV6-22*01	IGHJ3*01	10
IGH_465	IGH	IGHV6-22*01	IGHJ4*01	10
IGH_466	IGH	IGHV6-22*01	IGHJ1*01	11
IGH_467	IGH	IGHV6-22*01	IGHJ2*01	11
IGH_468	IGH	IGHV3-7*01	IGHJ1*01	9
IGH_469	IGH	IGHV3-7*01	IGHJ3*01	11
IGH_470	IGH	IGHV3-7*01	IGHJ4*01	11
IGH_471	IGH	IGHV3-7*01	IGHJ2*01	9
IGH_472	IGH	IGHV5-58*01	IGHJ1*01	9
IGH_473	IGH	IGHV5-58*01	IGHJ3*01	11
IGH_474	IGH	IGHV5-58*01	IGHJ4*01	11
IGH_475	IGH	IGHV5-58*01	IGHJ2*01	9
IGH_476	IGH	IGHV6-13*01	IGHJ3*01	10
IGH_477	IGH	IGHV6-13*01	IGHJ4*01	10
IGH_478	IGH	IGHV6-13*01	IGHJ1*01	11
IGH_479	IGH	IGHV6-13*01	IGHJ2*01	11
IGH_480	IGH	IGHV6-5*01	IGHJ3*01	10
IGH_481	IGH	IGHV6-5*01	IGHJ4*01	10
IGH_482	IGH	IGHV6-5*01	IGHJ1*01	11
IGH_483	IGH	IGHV6-5*01	IGHJ2*01	11
IGH_484	IGH	IGHV6-8*01	IGHJ3*01	10
IGH_485	IGH	IGHV6-8*01	IGHJ4*01	10
IGH_486	IGH	IGHV6-8*01	IGHJ1*01	11
IGH_487	IGH	IGHV6-8*01	IGHJ2*01	11
IGH_488	IGH	IGHV2S63*01	IGHJ1*01	9
IGH_489	IGH	IGHV2S63*01	IGHJ3*01	11
IGH_490	IGH	IGHV2S63*01	IGHJ4*01	11
IGH_491	IGH	IGHV2S63*01	IGHJ2*01	9
IGH_492	IGH	IGHV5-46*01	IGHJ1*01	9
IGH_493	IGH	IGHV5-46*01	IGHJ3*01	11
IGH_494	IGH	IGHV5-46*01	IGHJ4*01	11
IGH_495	IGH	IGHV5-46*01	IGHJ2*01	9
IGH_496	IGH	IGHV5-27*01	IGHJ1*01	9
IGH_497	IGH	IGHV5-27*01	IGHJ3*01	11
IGH_498	IGH	IGHV5-27*01	IGHJ4*01	11
IGH_499	IGH	IGHV5-27*01	IGHJ2*01	9
IGH_500	IGH	IGHV5-50*01	IGHJ3*01	10
IGH_501	IGH	IGHV5-50*01	IGHJ4*01	10
IGH_502	IGH	IGHV5-50*01	IGHJ1*01	11
IGH_503	IGH	IGHV5-50*01	IGHJ2*01	11
IGH_504	IGH	IGHV5-54*01	IGHJ3*01	10
IGH_505	IGH	IGHV5-54*01	IGHJ4*01	10
IGH_506	IGH	IGHV5-54*01	IGHJ1*01	11
IGH_507	IGH	IGHV5-54*01	IGHJ2*01	11
IGH_508	IGH	IGHV5-17*01	IGHJ1*01	9
IGH_509	IGH	IGHV5-17*01	IGHJ3*01	11
IGH_510	IGH	IGHV5-17*01	IGHJ4*01	11
IGH_511	IGH	IGHV5-17*01	IGHJ2*01	9
IGH_512	IGH	IGHV5S23*01	IGHJ1*01	9
IGH_513	IGH	IGHV5S23*01	IGHJ3*01	11
IGH_514	IGH	IGHV5S23*01	IGHJ4*01	11
IGH_515	IGH	IGHV5S23*01	IGHJ2*01	9
IGH_516	IGH	IGHV5S10*01	IGHJ1*01	9
IGH_517	IGH	IGHV5S10*01	IGHJ3*01	11
IGH_518	IGH	IGHV5S10*01	IGHJ4*01	11
IGH_519	IGH	IGHV5S10*01	IGHJ2*01	9
IGH_520	IGH	IGHV5-31*01	IGHJ1*01	9
IGH_521	IGH	IGHV5-31*01	IGHJ3*01	11
IGH_522	IGH	IGHV5-31*01	IGHJ4*01	11
IGH_523	IGH	IGHV5-31*01	IGHJ2*01	9
IGH_524	IGH	IGHV5-43*01,IGHV5S54*01	IGHJ3*01	10
IGH_525	IGH	IGHV5-43*01,IGHV5S54*01	IGHJ4*01	10
IGH_526	IGH	IGHV5-43*01,IGHV5S54*01	IGHJ1*01	11
IGH_527	IGH	IGHV5-43*01,IGHV5S54*01	IGHJ2*01	11
IGH_528	IGH	IGHV5S11*01	IGHJ1*01	9
IGH_529	IGH	IGHV5S11*01	IGHJ3*01	11
IGH_530	IGH	IGHV5S11*01	IGHJ4*01	11
IGH_531	IGH	IGHV5S11*01	IGHJ2*01	9
IGH_532	IGH	IGHV5-25*01	IGHJ1*01	9
IGH_533	IGH	IGHV5-25*01	IGHJ3*01	11
IGH_534	IGH	IGHV5-25*01	IGHJ4*01	11
IGH_535	IGH	IGHV5-25*01	IGHJ2*01	9
IGH_536	IGH	IGHV5-22*01	IGHJ1*01	9
IGH_537	IGH	IGHV5-22*01	IGHJ3*01	11
IGH_538	IGH	IGHV5-22*01	IGHJ4*01	11
IGH_539	IGH	IGHV5-22*01	IGHJ2*01	9
IGH_540	IGH	IGHV5S14*01	IGHJ1*01	9
IGH_541	IGH	IGHV5S14*01	IGHJ3*01	11
IGH_542	IGH	IGHV5S14*01	IGHJ4*01	11
IGH_543	IGH	IGHV5S14*01	IGHJ2*01	9
IGH_544	IGH	IGHV5S13*01	IGHJ1*01	9
IGH_545	IGH	IGHV5S13*01	IGHJ3*01	11
IGH_546	IGH	IGHV5S13*01	IGHJ4*01	11
IGH_547	IGH	IGHV5S13*01	IGHJ2*01	9
IGH_548	IGH	IGHV5-7*01	IGHJ1*01	9
IGH_549	IGH	IGHV5-7*01	IGHJ3*01	11
IGH_550	IGH	IGHV5-7*01	IGHJ4*01	11
IGH_551	IGH	IGHV5-7*01	IGHJ2*01	9
IGH_552	IGH	IGHV5-20*01	IGHJ1*01	9
IGH_553	IGH	IGHV5-20*01	IGHJ3*01	11
IGH_554	IGH	IGHV5-20*01	IGHJ4*01	11
IGH_555	IGH	IGHV5-20*01	IGHJ2*01	9
IGH_556	IGH	IGHV5-19*01	IGHJ1*01	9
IGH_557	IGH	IGHV5-19*01	IGHJ3*01	11
IGH_558	IGH	IGHV5-19*01	IGHJ4*01	11
IGH_559	IGH	IGHV5-19*01	IGHJ2*01	9
IGH_560	IGH	IGHV5-29*01	IGHJ1*01	9
IGH_561	IGH	IGHV5-29*01	IGHJ3*01	11
IGH_562	IGH	IGHV5-29*01	IGHJ4*01	11
IGH_563	IGH	IGHV5-29*01	IGHJ2*01	9
IGH_564	IGH	IGHV3-3*01	IGHJ3*01	10
IGH_565	IGH	IGHV3-3*01	IGHJ4*01	10
IGH_566	IGH	IGHV3-3*01	IGHJ1*01	11
IGH_567	IGH	IGHV3-3*01	IGHJ2*01	11
IGH_568	IGH	IGHV3-1*01	IGHJ1*01	9
IGH_569	IGH	IGHV3-1*01	IGHJ3*01	11
IGH_570	IGH	IGHV3-1*01	IGHJ4*01	11
IGH_571	IGH	IGHV3-1*01	IGHJ2*01	9
IGH_572	IGH	IGHV6-14*01	IGHJ3*01	10
IGH_573	IGH	IGHV6-14*01	IGHJ4*01	10
IGH_574	IGH	IGHV6-14*01	IGHJ1*01	11
IGH_575	IGH	IGHV6-14*01	IGHJ2*01	11
IGH_576	IGH	IGHV10-19*01	IGHJ3*01	9
IGH_577	IGH	IGHV10-19*01	IGHJ4*01	9
IGH_578	IGH	IGHV10-19*01	IGHJ1*01	10
IGH_579	IGH	IGHV10-19*01	IGHJ2*01	10
IGH_580	IGH	IGHV10-10*01	IGHJ3*01	9
IGH_581	IGH	IGHV10-10*01	IGHJ4*01	9
IGH_582	IGH	IGHV10-10*01	IGHJ1*01	10
IGH_583	IGH	IGHV10-10*01	IGHJ2*01	10
IGH_584	IGH	IGHV10-18*01	IGHJ3*01	9
IGH_585	IGH	IGHV10-18*01	IGHJ4*01	9
IGH_586	IGH	IGHV10-18*01	IGHJ1*01	10
IGH_587	IGH	IGHV10-18*01	IGHJ2*01	10
IGH_588	IGH	IGHV6-6*01	IGHJ3*01	10
IGH_589	IGH	IGHV6-6*01	IGHJ4*01	10
IGH_590	IGH	IGHV6-6*01	IGHJ1*01	11
IGH_591	IGH	IGHV6-6*01	IGHJ2*01	11
IGH_592	IGH	IGHV5-62*01	IGHJ1*01	9
IGH_593	IGH	IGHV5-62*01	IGHJ3*01	11
IGH_594	IGH	IGHV5-62*01	IGHJ4*01	11
IGH_595	IGH	IGHV5-62*01	IGHJ2*01	9
IGH_596	IGH	IGHV10-5*01	IGHJ3*01	9
IGH_597	IGH	IGHV10-5*01	IGHJ4*01	9
IGH_598	IGH	IGHV10-5*01	IGHJ1*01	10
IGH_599	IGH	IGHV10-5*01	IGHJ2*01	10
IGH_600	IGH	IGHV1-2*01	IGHJ1*01	9
IGH_601	IGH	IGHV1-2*01	IGHJ3*01	11
IGH_602	IGH	IGHV1-2*01	IGHJ4*01	11
IGH_603	IGH	IGHV1-2*01	IGHJ2*01	9
